,calories,distance,elevation,floors,heart,steps
00:00:00,0.9652000069618225,0.0,0,0,62.0,0
00:01:00,0.9652000069618225,0.0,0,0,64.0,0
00:02:00,0.9652000069618225,0.0,0,0,58.0,0
00:03:00,0.9652000069618225,0.0,0,0,60.0,0
00:04:00,0.9652000069618225,0.0,0,0,61.0,0
00:05:00,0.9652000069618225,0.0,0,0,60.0,0
00:06:00,0.9652000069618225,0.0,0,0,61.0,0
00:07:00,0.9652000069618225,0.0,0,0,62.0,0
00:08:00,0.9652000069618225,0.0,0,0,62.0,0
00:09:00,0.9652000069618225,0.0,0,0,61.0,0
00:10:00,0.9652000069618225,0.0,0,0,62.0,0
00:11:00,0.9652000069618225,0.0,0,0,63.0,0
00:12:00,0.9652000069618225,0.0,0,0,63.0,0
00:13:00,0.9652000069618225,0.0,0,0,63.0,0
00:14:00,0.9652000069618225,0.0,0,0,63.0,0
00:15:00,0.9652000069618225,0.0,0,0,64.0,0
00:16:00,0.9652000069618225,0.0,0,0,63.0,0
00:17:00,0.9652000069618225,0.0,0,0,64.0,0
00:18:00,0.9652000069618225,0.0,0,0,64.0,0
00:19:00,0.9652000069618225,0.0,0,0,65.0,0
00:20:00,0.9652000069618225,0.0,0,0,65.0,0
00:21:00,0.9652000069618225,0.0,0,0,62.0,0
00:22:00,0.9652000069618225,0.0,0,0,63.0,0
00:23:00,0.9652000069618225,0.0,0,0,64.0,0
00:24:00,0.9652000069618225,0.0,0,0,65.0,0
00:25:00,0.9652000069618225,0.0,0,0,66.0,0
00:26:00,0.9652000069618225,0.0,0,0,68.0,0
00:27:00,0.9652000069618225,0.0,0,0,67.0,0
00:28:00,0.9652000069618225,0.0,0,0,67.0,0
00:29:00,0.9652000069618225,0.0,0,0,68.0,0
00:30:00,0.9652000069618225,0.0,0,0,66.0,0
00:31:00,0.9652000069618225,0.0,0,0,66.0,0
00:32:00,0.9652000069618225,0.0,0,0,68.0,0
00:33:00,0.9652000069618225,0.0,0,0,66.0,0
00:34:00,0.9652000069618225,0.0,0,0,67.0,0
00:35:00,0.9652000069618225,0.0,0,0,67.0,0
00:36:00,0.9652000069618225,0.0,0,0,67.0,0
00:37:00,0.9652000069618225,0.0,0,0,65.0,0
00:38:00,0.9652000069618225,0.0,0,0,67.0,0
00:39:00,0.9652000069618225,0.0,0,0,68.0,0
00:40:00,0.9652000069618225,0.0,0,0,67.0,0
00:41:00,0.9652000069618225,0.0,0,0,66.0,0
00:42:00,0.9652000069618225,0.0,0,0,66.0,0
00:43:00,0.9652000069618225,0.0,0,0,66.0,0
00:44:00,0.9652000069618225,0.0,0,0,65.0,0
00:45:00,0.9652000069618225,0.0,0,0,66.0,0
00:46:00,0.9652000069618225,0.0,0,0,67.0,0
00:47:00,0.9652000069618225,0.0,0,0,65.0,0
00:48:00,1.0617200136184692,0.0,0,0,66.0,0
00:49:00,0.9652000069618225,0.0,0,0,65.0,0
00:50:00,0.9652000069618225,0.0,0,0,62.0,0
00:51:00,0.9652000069618225,0.0,0,0,64.0,0
00:52:00,0.9652000069618225,0.0,0,0,65.0,0
00:53:00,0.9652000069618225,0.0,0,0,64.0,0
00:54:00,0.9652000069618225,0.0,0,0,62.0,0
00:55:00,0.9652000069618225,0.0,0,0,61.0,0
00:56:00,0.9652000069618225,0.0,0,0,62.0,0
00:57:00,1.0617200136184692,0.0,0,0,66.0,0
00:58:00,0.9652000069618225,0.0,0,0,71.0,0
00:59:00,0.9652000069618225,0.0,0,0,71.0,0
01:00:00,0.9652000069618225,0.0,0,0,70.0,0
01:01:00,0.9652000069618225,0.0,0,0,70.0,0
01:02:00,0.9652000069618225,0.0,0,0,70.0,0
01:03:00,0.9652000069618225,0.0,0,0,69.0,0
01:04:00,0.9652000069618225,0.0,0,0,69.0,0
01:05:00,0.9652000069618225,0.0,0,0,68.0,0
01:06:00,0.9652000069618225,0.0,0,0,68.0,0
01:07:00,0.9652000069618225,0.0,0,0,66.0,0
01:08:00,0.9652000069618225,0.0,0,0,65.0,0
01:09:00,0.9652000069618225,0.0,0,0,66.0,0
01:10:00,0.9652000069618225,0.0,0,0,66.0,0
01:11:00,0.9652000069618225,0.0,0,0,66.0,0
01:12:00,0.9652000069618225,0.0,0,0,66.0,0
01:13:00,0.9652000069618225,0.0,0,0,66.0,0
01:14:00,0.9652000069618225,0.0,0,0,65.0,0
01:15:00,0.9652000069618225,0.0,0,0,,0
01:16:00,0.9652000069618225,0.0,0,0,65.0,0
01:17:00,0.9652000069618225,0.0,0,0,66.0,0
01:18:00,0.9652000069618225,0.0,0,0,65.0,0
01:19:00,0.9652000069618225,0.0,0,0,66.0,0
01:20:00,0.9652000069618225,0.0,0,0,64.0,0
01:21:00,0.9652000069618225,0.0,0,0,63.0,0
01:22:00,0.9652000069618225,0.0,0,0,65.0,0
01:23:00,0.9652000069618225,0.0,0,0,,0
01:24:00,0.9652000069618225,0.0,0,0,,0
01:25:00,0.9652000069618225,0.0,0,0,,0
01:26:00,0.9652000069618225,0.0,0,0,62.0,0
01:27:00,1.0617200136184692,0.0,0,0,63.0,0
01:28:00,0.9652000069618225,0.0,0,0,59.0,0
01:29:00,0.9652000069618225,0.0,0,0,57.0,0
01:30:00,0.9652000069618225,0.0,0,0,59.0,0
01:31:00,0.9652000069618225,0.0,0,0,59.0,0
01:32:00,0.9652000069618225,0.0,0,0,59.0,0
01:33:00,0.9652000069618225,0.0,0,0,59.0,0
01:34:00,0.9652000069618225,0.0,0,0,61.0,0
01:35:00,0.9652000069618225,0.0,0,0,62.0,0
01:36:00,0.9652000069618225,0.0,0,0,61.0,0
01:37:00,0.9652000069618225,0.0,0,0,63.0,0
01:38:00,0.9652000069618225,0.0,0,0,61.0,0
01:39:00,0.9652000069618225,0.0,0,0,64.0,0
01:40:00,0.9652000069618225,0.0,0,0,63.0,0
01:41:00,0.9652000069618225,0.0,0,0,63.0,0
01:42:00,0.9652000069618225,0.0,0,0,63.0,0
01:43:00,0.9652000069618225,0.0,0,0,60.0,0
01:44:00,0.9652000069618225,0.0,0,0,59.0,0
01:45:00,0.9652000069618225,0.0,0,0,60.0,0
01:46:00,0.9652000069618225,0.0,0,0,59.0,0
01:47:00,0.9652000069618225,0.0,0,0,61.0,0
01:48:00,0.9652000069618225,0.0,0,0,61.0,0
01:49:00,0.9652000069618225,0.0,0,0,66.0,0
01:50:00,0.9652000069618225,0.0,0,0,59.0,0
01:51:00,0.9652000069618225,0.0,0,0,61.0,0
01:52:00,0.9652000069618225,0.0,0,0,60.0,0
01:53:00,0.9652000069618225,0.0,0,0,61.0,0
01:54:00,0.9652000069618225,0.0,0,0,61.0,0
01:55:00,0.9652000069618225,0.0,0,0,61.0,0
01:56:00,0.9652000069618225,0.0,0,0,60.0,0
01:57:00,0.9652000069618225,0.0,0,0,60.0,0
01:58:00,0.9652000069618225,0.0,0,0,59.0,0
01:59:00,0.9652000069618225,0.0,0,0,59.0,0
02:00:00,0.9652000069618225,0.0,0,0,59.0,0
02:01:00,0.9652000069618225,0.0,0,0,59.0,0
02:02:00,0.9652000069618225,0.0,0,0,59.0,0
02:03:00,0.9652000069618225,0.0,0,0,59.0,0
02:04:00,0.9652000069618225,0.0,0,0,59.0,0
02:05:00,0.9652000069618225,0.0,0,0,59.0,0
02:06:00,0.9652000069618225,0.0,0,0,59.0,0
02:07:00,0.9652000069618225,0.0,0,0,59.0,0
02:08:00,0.9652000069618225,0.0,0,0,58.0,0
02:09:00,0.9652000069618225,0.0,0,0,59.0,0
02:10:00,0.9652000069618225,0.0,0,0,59.0,0
02:11:00,0.9652000069618225,0.0,0,0,59.0,0
02:12:00,0.9652000069618225,0.0,0,0,60.0,0
02:13:00,0.9652000069618225,0.0,0,0,57.0,0
02:14:00,0.9652000069618225,0.0,0,0,60.0,0
02:15:00,0.9652000069618225,0.0,0,0,59.0,0
02:16:00,0.9652000069618225,0.0,0,0,60.0,0
02:17:00,0.9652000069618225,0.0,0,0,59.0,0
02:18:00,0.9652000069618225,0.0,0,0,58.0,0
02:19:00,0.9652000069618225,0.0,0,0,58.0,0
02:20:00,0.9652000069618225,0.0,0,0,58.0,0
02:21:00,0.9652000069618225,0.0,0,0,58.0,0
02:22:00,0.9652000069618225,0.0,0,0,59.0,0
02:23:00,0.9652000069618225,0.0,0,0,61.0,0
02:24:00,0.9652000069618225,0.0,0,0,55.0,0
02:25:00,0.9652000069618225,0.0,0,0,57.0,0
02:26:00,0.9652000069618225,0.0,0,0,57.0,0
02:27:00,0.9652000069618225,0.0,0,0,,0
02:28:00,0.9652000069618225,0.0,0,0,,0
02:29:00,0.9652000069618225,0.0,0,0,57.0,0
02:30:00,0.9652000069618225,0.0,0,0,58.0,0
02:31:00,1.0617200136184692,0.0,0,0,55.0,0
02:32:00,0.9652000069618225,0.0,0,0,55.0,0
02:33:00,1.0617200136184692,0.0,0,0,57.0,0
02:34:00,0.9652000069618225,0.0,0,0,55.0,0
02:35:00,1.0617200136184692,0.0,0,0,57.0,0
02:36:00,0.9652000069618225,0.0,0,0,56.0,0
02:37:00,0.9652000069618225,0.0,0,0,56.0,0
02:38:00,0.9652000069618225,0.0,0,0,59.0,0
02:39:00,0.9652000069618225,0.0,0,0,59.0,0
02:40:00,0.9652000069618225,0.0,0,0,62.0,0
02:41:00,0.9652000069618225,0.0,0,0,60.0,0
02:42:00,0.9652000069618225,0.0,0,0,58.0,0
02:43:00,0.9652000069618225,0.0,0,0,62.0,0
02:44:00,0.9652000069618225,0.0,0,0,59.0,0
02:45:00,0.9652000069618225,0.0,0,0,61.0,0
02:46:00,0.9652000069618225,0.0,0,0,60.0,0
02:47:00,0.9652000069618225,0.0,0,0,61.0,0
02:48:00,0.9652000069618225,0.0,0,0,61.0,0
02:49:00,0.9652000069618225,0.0,0,0,62.0,0
02:50:00,0.9652000069618225,0.0,0,0,59.0,0
02:51:00,0.9652000069618225,0.0,0,0,61.0,0
02:52:00,0.9652000069618225,0.0,0,0,59.0,0
02:53:00,0.9652000069618225,0.0,0,0,59.0,0
02:54:00,0.9652000069618225,0.0,0,0,60.0,0
02:55:00,0.9652000069618225,0.0,0,0,58.0,0
02:56:00,0.9652000069618225,0.0,0,0,58.0,0
02:57:00,0.9652000069618225,0.0,0,0,56.0,0
02:58:00,1.0617200136184692,0.0,0,0,58.0,0
02:59:00,0.9652000069618225,0.0,0,0,56.0,0
03:00:00,0.9652000069618225,0.0,0,0,57.0,0
03:01:00,0.9652000069618225,0.0,0,0,57.0,0
03:02:00,0.9652000069618225,0.0,0,0,60.0,0
03:03:00,0.9652000069618225,0.0,0,0,59.0,0
03:04:00,0.9652000069618225,0.0,0,0,57.0,0
03:05:00,0.9652000069618225,0.0,0,0,61.0,0
03:06:00,0.9652000069618225,0.0,0,0,58.0,0
03:07:00,0.9652000069618225,0.0,0,0,59.0,0
03:08:00,0.9652000069618225,0.0,0,0,60.0,0
03:09:00,0.9652000069618225,0.0,0,0,60.0,0
03:10:00,0.9652000069618225,0.0,0,0,57.0,0
03:11:00,0.9652000069618225,0.0,0,0,57.0,0
03:12:00,0.9652000069618225,0.0,0,0,57.0,0
03:13:00,0.9652000069618225,0.0,0,0,60.0,0
03:14:00,0.9652000069618225,0.0,0,0,58.0,0
03:15:00,0.9652000069618225,0.0,0,0,58.0,0
03:16:00,0.9652000069618225,0.0,0,0,,0
03:17:00,0.9652000069618225,0.0,0,0,,0
03:18:00,0.9652000069618225,0.0,0,0,58.0,0
03:19:00,0.9652000069618225,0.0,0,0,59.0,0
03:20:00,0.9652000069618225,0.0,0,0,57.0,0
03:21:00,0.9652000069618225,0.0,0,0,58.0,0
03:22:00,0.9652000069618225,0.0,0,0,56.0,0
03:23:00,0.9652000069618225,0.0,0,0,59.0,0
03:24:00,0.9652000069618225,0.0,0,0,59.0,0
03:25:00,1.0617200136184692,0.0,0,0,58.0,0
03:26:00,0.9652000069618225,0.0,0,0,55.0,0
03:27:00,0.9652000069618225,0.0,0,0,57.0,0
03:28:00,0.9652000069618225,0.0,0,0,58.0,0
03:29:00,0.9652000069618225,0.0,0,0,57.0,0
03:30:00,0.9652000069618225,0.0,0,0,56.0,0
03:31:00,0.9652000069618225,0.0,0,0,58.0,0
03:32:00,0.9652000069618225,0.0,0,0,58.0,0
03:33:00,0.9652000069618225,0.0,0,0,57.0,0
03:34:00,1.0617200136184692,0.0,0,0,62.0,0
03:35:00,0.9652000069618225,0.0,0,0,58.0,0
03:36:00,1.0617200136184692,0.0,0,0,53.0,0
03:37:00,1.930400013923645,0.0,0,0,56.0,0
03:38:00,0.9652000069618225,0.0,0,0,55.0,0
03:39:00,0.9652000069618225,0.0,0,0,54.0,0
03:40:00,0.9652000069618225,0.0,0,0,55.0,0
03:41:00,0.9652000069618225,0.0,0,0,55.0,0
03:42:00,0.9652000069618225,0.0,0,0,56.0,0
03:43:00,0.9652000069618225,0.0,0,0,56.0,0
03:44:00,0.9652000069618225,0.0,0,0,55.0,0
03:45:00,0.9652000069618225,0.0,0,0,56.0,0
03:46:00,0.9652000069618225,0.0,0,0,54.0,0
03:47:00,1.0617200136184692,0.0,0,0,55.0,0
03:48:00,2.5095200538635254,0.006089437752962112,0,0,74.0,14
03:49:00,0.9652000069618225,0.0,0,0,56.0,0
03:50:00,0.9652000069618225,0.0,0,0,55.0,0
03:51:00,0.9652000069618225,0.0,0,0,56.0,0
03:52:00,0.9652000069618225,0.0,0,0,56.0,0
03:53:00,0.9652000069618225,0.0,0,0,56.0,0
03:54:00,0.9652000069618225,0.0,0,0,55.0,0
03:55:00,0.9652000069618225,0.0,0,0,56.0,0
03:56:00,0.9652000069618225,0.0,0,0,55.0,0
03:57:00,0.9652000069618225,0.0,0,0,56.0,0
03:58:00,0.9652000069618225,0.0,0,0,57.0,0
03:59:00,0.9652000069618225,0.0,0,0,56.0,0
04:00:00,0.9652000069618225,0.0,0,0,56.0,0
04:01:00,0.9652000069618225,0.0,0,0,58.0,0
04:02:00,0.9652000069618225,0.0,0,0,58.0,0
04:03:00,0.9652000069618225,0.0,0,0,58.0,0
04:04:00,0.9652000069618225,0.0,0,0,58.0,0
04:05:00,0.9652000069618225,0.0,0,0,58.0,0
04:06:00,0.9652000069618225,0.0,0,0,57.0,0
04:07:00,0.9652000069618225,0.0,0,0,59.0,0
04:08:00,0.9652000069618225,0.0,0,0,58.0,0
04:09:00,0.9652000069618225,0.0,0,0,58.0,0
04:10:00,0.9652000069618225,0.0,0,0,59.0,0
04:11:00,1.0617200136184692,0.0,0,0,58.0,0
04:12:00,0.9652000069618225,0.0,0,0,,0
04:13:00,0.9652000069618225,0.0,0,0,,0
04:14:00,0.9652000069618225,0.0,0,0,,0
04:15:00,0.9652000069618225,0.0,0,0,,0
04:16:00,0.9652000069618225,0.0,0,0,,0
04:17:00,0.9652000069618225,0.0,0,0,,0
04:18:00,0.9652000069618225,0.0,0,0,,0
04:19:00,0.9652000069618225,0.0,0,0,,0
04:20:00,0.9652000069618225,0.0,0,0,,0
04:21:00,0.9652000069618225,0.0,0,0,,0
04:22:00,0.9652000069618225,0.0,0,0,,0
04:23:00,0.9652000069618225,0.0,0,0,,0
04:24:00,0.9652000069618225,0.0,0,0,,0
04:25:00,0.9652000069618225,0.0,0,0,,0
04:26:00,0.9652000069618225,0.0,0,0,,0
04:27:00,0.9652000069618225,0.0,0,0,,0
04:28:00,0.9652000069618225,0.0,0,0,,0
04:29:00,0.9652000069618225,0.0,0,0,,0
04:30:00,0.9652000069618225,0.0,0,0,,0
04:31:00,0.9652000069618225,0.0,0,0,,0
04:32:00,0.9652000069618225,0.0,0,0,,0
04:33:00,0.9652000069618225,0.0,0,0,,0
04:34:00,0.9652000069618225,0.0,0,0,,0
04:35:00,0.9652000069618225,0.0,0,0,,0
04:36:00,0.9652000069618225,0.0,0,0,,0
04:37:00,0.9652000069618225,0.0,0,0,,0
04:38:00,0.9652000069618225,0.0,0,0,,0
04:39:00,0.9652000069618225,0.0,0,0,,0
04:40:00,0.9652000069618225,0.0,0,0,,0
04:41:00,0.9652000069618225,0.0,0,0,,0
04:42:00,0.9652000069618225,0.0,0,0,,0
04:43:00,0.9652000069618225,0.0,0,0,,0
04:44:00,0.9652000069618225,0.0,0,0,,0
04:45:00,0.9652000069618225,0.0,0,0,,0
04:46:00,0.9652000069618225,0.0,0,0,76.0,0
04:47:00,0.9652000069618225,0.0,0,0,64.0,0
04:48:00,0.9652000069618225,0.0,0,0,61.0,0
04:49:00,0.9652000069618225,0.0,0,0,62.0,0
04:50:00,0.9652000069618225,0.0,0,0,61.0,0
04:51:00,0.9652000069618225,0.0,0,0,,0
04:52:00,0.9652000069618225,0.0,0,0,,0
04:53:00,0.9652000069618225,0.0,0,0,61.0,0
04:54:00,0.9652000069618225,0.0,0,0,61.0,0
04:55:00,0.9652000069618225,0.0,0,0,62.0,0
04:56:00,0.9652000069618225,0.0,0,0,62.0,0
04:57:00,0.9652000069618225,0.0,0,0,63.0,0
04:58:00,0.9652000069618225,0.0,0,0,,0
04:59:00,0.9652000069618225,0.0,0,0,,0
05:00:00,0.9652000069618225,0.0,0,0,61.0,0
05:01:00,0.9652000069618225,0.0,0,0,61.0,0
05:02:00,0.9652000069618225,0.0,0,0,59.0,0
05:03:00,0.9652000069618225,0.0,0,0,60.0,0
05:04:00,0.9652000069618225,0.0,0,0,61.0,0
05:05:00,0.9652000069618225,0.0,0,0,61.0,0
05:06:00,0.9652000069618225,0.0,0,0,58.0,0
05:07:00,1.0617200136184692,0.0,0,0,60.0,0
05:08:00,0.9652000069618225,0.0,0,0,57.0,0
05:09:00,0.9652000069618225,0.0,0,0,59.0,0
05:10:00,0.9652000069618225,0.0,0,0,59.0,0
05:11:00,1.0617200136184692,0.0,0,0,58.0,0
05:12:00,0.9652000069618225,0.0,0,0,65.0,0
05:13:00,0.9652000069618225,0.0,0,0,59.0,0
05:14:00,0.9652000069618225,0.0,0,0,60.0,0
05:15:00,0.9652000069618225,0.0,0,0,58.0,0
05:16:00,0.9652000069618225,0.0,0,0,59.0,0
05:17:00,0.9652000069618225,0.0,0,0,59.0,0
05:18:00,0.9652000069618225,0.0,0,0,59.0,0
05:19:00,0.9652000069618225,0.0,0,0,61.0,0
05:20:00,0.9652000069618225,0.0,0,0,59.0,0
05:21:00,0.9652000069618225,0.0,0,0,61.0,0
05:22:00,0.9652000069618225,0.0,0,0,60.0,0
05:23:00,0.9652000069618225,0.0,0,0,60.0,0
05:24:00,0.9652000069618225,0.0,0,0,61.0,0
05:25:00,0.9652000069618225,0.0,0,0,61.0,0
05:26:00,0.9652000069618225,0.0,0,0,61.0,0
05:27:00,0.9652000069618225,0.0,0,0,61.0,0
05:28:00,0.9652000069618225,0.0,0,0,61.0,0
05:29:00,0.9652000069618225,0.0,0,0,60.0,0
05:30:00,0.9652000069618225,0.0,0,0,60.0,0
05:31:00,0.9652000069618225,0.0,0,0,60.0,0
05:32:00,0.9652000069618225,0.0,0,0,61.0,0
05:33:00,0.9652000069618225,0.0,0,0,61.0,0
05:34:00,0.9652000069618225,0.0,0,0,56.0,0
05:35:00,0.9652000069618225,0.0,0,0,57.0,0
05:36:00,0.9652000069618225,0.0,0,0,58.0,0
05:37:00,0.9652000069618225,0.0,0,0,60.0,0
05:38:00,0.9652000069618225,0.0,0,0,57.0,0
05:39:00,0.9652000069618225,0.0,0,0,56.0,0
05:40:00,0.9652000069618225,0.0,0,0,57.0,0
05:41:00,0.9652000069618225,0.0,0,0,59.0,0
05:42:00,0.9652000069618225,0.0,0,0,57.0,0
05:43:00,0.9652000069618225,0.0,0,0,56.0,0
05:44:00,0.9652000069618225,0.0,0,0,58.0,0
05:45:00,0.9652000069618225,0.0,0,0,56.0,0
05:46:00,0.9652000069618225,0.0,0,0,56.0,0
05:47:00,0.9652000069618225,0.0,0,0,57.0,0
05:48:00,0.9652000069618225,0.0,0,0,59.0,0
05:49:00,0.9652000069618225,0.0,0,0,58.0,0
05:50:00,0.9652000069618225,0.0,0,0,57.0,0
05:51:00,0.9652000069618225,0.0,0,0,61.0,0
05:52:00,1.0617200136184692,0.0,0,0,66.0,0
05:53:00,0.9652000069618225,0.0,0,0,59.0,0
05:54:00,0.9652000069618225,0.0,0,0,56.0,0
05:55:00,0.9652000069618225,0.0,0,0,57.0,0
05:56:00,0.9652000069618225,0.0,0,0,59.0,0
05:57:00,0.9652000069618225,0.0,0,0,56.0,0
05:58:00,0.9652000069618225,0.0,0,0,55.0,0
05:59:00,0.9652000069618225,0.0,0,0,56.0,0
06:00:00,0.9652000069618225,0.0,0,0,57.0,0
06:01:00,0.9652000069618225,0.0,0,0,57.0,0
06:02:00,0.9652000069618225,0.0,0,0,58.0,0
06:03:00,0.9652000069618225,0.0,0,0,58.0,0
06:04:00,0.9652000069618225,0.0,0,0,61.0,0
06:05:00,0.9652000069618225,0.0,0,0,59.0,0
06:06:00,0.9652000069618225,0.0,0,0,61.0,0
06:07:00,0.9652000069618225,0.0,0,0,61.0,0
06:08:00,0.9652000069618225,0.0,0,0,58.0,0
06:09:00,0.9652000069618225,0.0,0,0,58.0,0
06:10:00,0.9652000069618225,0.0,0,0,60.0,0
06:11:00,0.9652000069618225,0.0,0,0,59.0,0
06:12:00,0.9652000069618225,0.0,0,0,60.0,0
06:13:00,0.9652000069618225,0.0,0,0,60.0,0
06:14:00,0.9652000069618225,0.0,0,0,61.0,0
06:15:00,0.9652000069618225,0.0,0,0,62.0,0
06:16:00,0.9652000069618225,0.0,0,0,62.0,0
06:17:00,0.9652000069618225,0.0,0,0,63.0,0
06:18:00,0.9652000069618225,0.0,0,0,64.0,0
06:19:00,0.9652000069618225,0.0,0,0,59.0,0
06:20:00,0.9652000069618225,0.0,0,0,58.0,0
06:21:00,0.9652000069618225,0.0,0,0,57.0,0
06:22:00,0.9652000069618225,0.0,0,0,59.0,0
06:23:00,0.9652000069618225,0.0,0,0,62.0,0
06:24:00,0.9652000069618225,0.0,0,0,60.0,0
06:25:00,0.9652000069618225,0.0,0,0,64.0,0
06:26:00,0.9652000069618225,0.0,0,0,63.0,0
06:27:00,0.9652000069618225,0.0,0,0,64.0,0
06:28:00,0.9652000069618225,0.0,0,0,66.0,0
06:29:00,0.9652000069618225,0.0,0,0,60.0,0
06:30:00,0.9652000069618225,0.0,0,0,62.0,0
06:31:00,0.9652000069618225,0.0,0,0,64.0,0
06:32:00,0.9652000069618225,0.0,0,0,65.0,0
06:33:00,0.9652000069618225,0.0,0,0,68.0,0
06:34:00,0.9652000069618225,0.0,0,0,67.0,0
06:35:00,0.9652000069618225,0.0,0,0,66.0,0
06:36:00,0.9652000069618225,0.0,0,0,65.0,0
06:37:00,0.9652000069618225,0.0,0,0,67.0,0
06:38:00,0.9652000069618225,0.0,0,0,59.0,0
06:39:00,0.9652000069618225,0.0,0,0,58.0,0
06:40:00,0.9652000069618225,0.0,0,0,61.0,0
06:41:00,0.9652000069618225,0.0,0,0,63.0,0
06:42:00,0.9652000069618225,0.0,0,0,59.0,0
06:43:00,0.9652000069618225,0.0,0,0,58.0,0
06:44:00,0.9652000069618225,0.0,0,0,59.0,0
06:45:00,0.9652000069618225,0.0,0,0,61.0,0
06:46:00,0.9652000069618225,0.0,0,0,59.0,0
06:47:00,0.9652000069618225,0.0,0,0,60.0,0
06:48:00,0.9652000069618225,0.0,0,0,60.0,0
06:49:00,0.9652000069618225,0.0,0,0,59.0,0
06:50:00,0.9652000069618225,0.0,0,0,61.0,0
06:51:00,0.9652000069618225,0.0,0,0,59.0,0
06:52:00,0.9652000069618225,0.0,0,0,65.0,0
06:53:00,0.9652000069618225,0.0,0,0,58.0,0
06:54:00,0.9652000069618225,0.0,0,0,60.0,0
06:55:00,0.9652000069618225,0.0,0,0,59.0,0
06:56:00,0.9652000069618225,0.0,0,0,58.0,0
06:57:00,0.9652000069618225,0.0,0,0,58.0,0
06:58:00,0.9652000069618225,0.0,0,0,63.0,0
06:59:00,0.9652000069618225,0.0,0,0,57.0,0
07:00:00,0.9652000069618225,0.0,0,0,57.0,0
07:01:00,0.9652000069618225,0.0,0,0,58.0,0
07:02:00,0.9652000069618225,0.0,0,0,58.0,0
07:03:00,0.9652000069618225,0.0,0,0,58.0,0
07:04:00,0.9652000069618225,0.0,0,0,58.0,0
07:05:00,0.9652000069618225,0.0,0,0,64.0,0
07:06:00,0.9652000069618225,0.0,0,0,60.0,0
07:07:00,1.0617200136184692,0.0,0,0,61.0,0
07:08:00,0.9652000069618225,0.0,0,0,64.0,0
07:09:00,0.9652000069618225,0.0,0,0,66.0,0
07:10:00,0.9652000069618225,0.0,0,0,60.0,0
07:11:00,0.9652000069618225,0.0,0,0,60.0,0
07:12:00,0.9652000069618225,0.0,0,0,,0
07:13:00,0.9652000069618225,0.0,0,0,,0
07:14:00,0.9652000069618225,0.0,0,0,,0
07:15:00,1.0617200136184692,0.0,0,0,,0
07:16:00,0.9652000069618225,0.0,0,0,60.0,0
07:17:00,0.9652000069618225,0.0,0,0,63.0,0
07:18:00,2.3164799213409424,0.003914638422429562,0,0,73.0,9
07:19:00,0.9652000069618225,0.0,0,0,77.0,0
07:20:00,1.0617200136184692,0.0,0,0,71.0,0
07:21:00,0.9652000069618225,0.0,0,0,66.0,0
07:22:00,0.9652000069618225,0.0,0,0,64.0,0
07:23:00,0.9652000069618225,0.0,0,0,65.0,0
07:24:00,0.9652000069618225,0.0,0,0,69.0,0
07:25:00,0.9652000069618225,0.0,0,0,69.0,0
07:26:00,0.9652000069618225,0.0,0,0,67.0,0
07:27:00,0.9652000069618225,0.0,0,0,64.0,0
07:28:00,0.9652000069618225,0.0,0,0,65.0,0
07:29:00,0.9652000069618225,0.0,0,0,64.0,0
07:30:00,0.9652000069618225,0.0,0,0,67.0,0
07:31:00,0.9652000069618225,0.0,0,0,66.0,0
07:32:00,0.9652000069618225,0.0,0,0,66.0,0
07:33:00,0.9652000069618225,0.0,0,0,66.0,0
07:34:00,0.9652000069618225,0.0,0,0,65.0,0
07:35:00,0.9652000069618225,0.0,0,0,66.0,0
07:36:00,0.9652000069618225,0.0,0,0,70.0,0
07:37:00,0.9652000069618225,0.0,0,0,71.0,0
07:38:00,1.0617200136184692,0.0,0,0,71.0,0
07:39:00,1.0617200136184692,0.0,0,0,71.0,0
07:40:00,0.9652000069618225,0.0,0,0,,0
07:41:00,0.9652000069618225,0.0,0,0,71.0,0
07:42:00,0.9652000069618225,0.0,0,0,70.0,0
07:43:00,0.9652000069618225,0.0,0,0,68.0,0
07:44:00,0.9652000069618225,0.0,0,0,68.0,0
07:45:00,2.3164799213409424,0.004784557968378067,0,0,69.0,11
07:46:00,1.0617200136184692,0.0,0,0,70.0,0
07:47:00,1.0617200136184692,0.0,0,0,63.0,0
07:48:00,2.5095200538635254,0.00565447797998786,0,0,73.0,13
07:49:00,1.0617200136184692,0.0,0,0,75.0,0
07:50:00,0.9652000069618225,0.0,0,0,,0
07:51:00,0.9652000069618225,0.0,0,0,,0
07:52:00,0.9652000069618225,0.0,0,0,,0
07:53:00,0.9652000069618225,0.0,0,0,,0
07:54:00,0.9652000069618225,0.0,0,0,,0
07:55:00,0.9652000069618225,0.0,0,0,,0
07:56:00,0.9652000069618225,0.0,0,0,,0
07:57:00,0.9652000069618225,0.0,0,0,,0
07:58:00,0.9652000069618225,0.0,0,0,,0
07:59:00,1.0617200136184692,0.0,0,0,70.0,0
08:00:00,2.5095200538635254,0.003044718876481056,0,0,82.0,7
08:01:00,3.088639974594116,0.01304879505187273,0,0,91.0,30
08:02:00,2.5095200538635254,0.0026097591035068035,0,0,87.0,6
08:03:00,2.8956000804901123,0.006959357298910618,0,0,92.0,16
08:04:00,1.2547600269317627,0.0,0,0,87.0,0
08:05:00,2.7025599479675293,0.008264237083494663,0,0,86.0,19
08:06:00,3.474720001220703,0.020008152350783348,0,0,86.0,46
08:07:00,4.246880054473877,0.017833353951573372,0,0,108.0,41
08:08:00,3.667759895324707,0.006089437752962112,0,0,107.0,14
08:09:00,3.474720001220703,0.012178875505924225,0,0,101.0,28
08:10:00,5.791200160980225,0.050144653767347336,0,0,102.0,115
08:11:00,6.949440002441406,0.04796985536813736,20,2,103.0,110
08:12:00,7.914639949798584,0.04579505696892738,40,4,111.0,105
08:13:00,6.756400108337402,0.04492513835430145,10,1,128.0,103
08:14:00,4.053840160369873,0.012178875505924225,0,0,111.0,28
08:15:00,4.439919948577881,0.035293884575366974,0,0,103.0,81
08:16:00,4.632959842681885,0.046664975583553314,0,0,104.0,107
08:17:00,4.439919948577881,0.04753489792346954,10,1,103.0,109
08:18:00,5.019040107727051,0.04796985536813736,0,0,101.0,110
08:19:00,4.826000213623047,0.048404816538095474,0,0,103.0,111
08:20:00,5.405119895935059,0.04753489792346954,10,1,96.0,109
08:21:00,4.246880054473877,0.049274735152721405,0,0,98.0,113
08:22:00,3.667759895324707,0.04970969632267952,0,0,90.0,114
08:23:00,5.5981597900390625,0.04796985536813736,0,0,88.0,110
08:24:00,4.246880054473877,0.0462300181388855,0,0,93.0,106
08:25:00,5.212080001831055,0.03659876435995102,0,0,93.0,84
08:26:00,5.791200160980225,0.04579505696892738,0,0,92.0,105
08:27:00,5.9842400550842285,0.0462300181388855,0,0,98.0,106
08:28:00,8.30072021484375,0.0462300181388855,40,4,104.0,106
08:29:00,3.667759895324707,0.048404816538095474,0,0,99.0,111
08:30:00,4.439919948577881,0.04268820211291313,0,0,93.0,98
08:31:00,6.370319843292236,0.03268412500619888,20,2,98.0,75
08:32:00,6.177279949188232,0.046664975583553314,10,1,103.0,107
08:33:00,7.528560161590576,0.0418182797729969,30,3,97.0,96
08:34:00,3.667759895324707,0.023549968376755714,0,0,96.0,54
08:35:00,3.281680107116699,0.006524397525936365,0,0,100.0,15
08:36:00,3.281680107116699,0.003914638422429562,0,0,102.0,9
08:37:00,1.2547600269317627,0.0,0,0,91.0,0
08:38:00,1.0617200136184692,0.0,0,0,85.0,0
08:39:00,2.5095200538635254,0.003044718876481056,0,0,80.0,7
08:40:00,3.281680107116699,0.016093512997031212,0,0,76.0,37
08:41:00,2.8956000804901123,0.01087399572134018,0,0,78.0,25
08:42:00,1.0617200136184692,0.0,0,0,80.0,0
08:43:00,1.0617200136184692,0.0,0,0,74.0,0
08:44:00,0.9652000069618225,0.0,0,0,72.0,0
08:45:00,2.3164799213409424,0.004784557968378067,0,0,66.0,11
08:46:00,1.0617200136184692,0.0,0,0,70.0,0
08:47:00,1.0617200136184692,0.0,0,0,72.0,0
08:48:00,2.3164799213409424,0.003914638422429562,0,0,74.0,9
08:49:00,2.3164799213409424,0.003044718876481056,0,0,77.0,7
08:50:00,1.0617200136184692,0.0,0,0,79.0,0
08:51:00,1.0617200136184692,0.0,0,0,72.0,0
08:52:00,2.3164799213409424,0.0026097591035068035,0,0,69.0,6
08:53:00,2.5095200538635254,0.004784557968378067,0,0,71.0,11
08:54:00,2.8956000804901123,0.009569115936756134,0,0,88.0,22
08:55:00,3.281680107116699,0.012178875505924225,0,0,93.0,28
08:56:00,3.281680107116699,0.009569115936756134,0,0,91.0,22
08:57:00,2.8956000804901123,0.003044718876481056,0,0,92.0,7
08:58:00,3.86080002784729,0.04094836115837097,0,0,100.0,94
08:59:00,3.281680107116699,0.003914638422429562,0,0,101.0,9
09:00:00,2.3164799213409424,0.0017398393247276545,0,0,86.0,4
09:01:00,0.9652000069618225,0.0,0,0,79.0,0
09:02:00,1.0617200136184692,0.0,0,0,74.0,0
09:03:00,1.0617200136184692,0.0,0,0,70.0,0
09:04:00,1.0617200136184692,0.0,0,0,71.0,0
09:05:00,1.0617200136184692,0.0,0,0,67.0,0
09:06:00,1.0617200136184692,0.0,0,0,72.0,0
09:07:00,1.0617200136184692,0.0,0,0,76.0,0
09:08:00,0.9652000069618225,0.0,0,0,73.0,0
09:09:00,3.86080002784729,0.019138231873512268,0,0,71.0,44
09:10:00,7.335519790649414,0.04449017718434334,20,2,93.0,102
09:11:00,5.9842400550842285,0.04449017718434334,10,1,103.0,102
09:12:00,5.5981597900390625,0.03572884202003479,10,1,101.0,82
09:13:00,5.019040107727051,0.035293884575366974,0,0,93.0,81
09:14:00,6.563360214233398,0.034423962235450745,20,2,98.0,79
09:15:00,3.281680107116699,0.014353674836456776,0,0,89.0,33
09:16:00,2.7025599479675293,0.0026097591035068035,0,0,88.0,6
09:17:00,0.9652000069618225,0.0,0,0,71.0,0
09:18:00,1.0617200136184692,0.0,0,0,69.0,0
09:19:00,1.0617200136184692,0.0,0,0,75.0,0
09:20:00,2.7025599479675293,0.008264237083494663,0,0,80.0,19
09:21:00,3.474720001220703,0.018703272566199303,0,0,90.0,43
09:22:00,2.8956000804901123,0.008699196390807629,0,0,88.0,20
09:23:00,1.2547600269317627,0.0,0,0,84.0,0
09:24:00,1.0617200136184692,0.0,0,0,81.0,0
09:25:00,1.0617200136184692,0.0,0,0,78.0,0
09:26:00,0.9652000069618225,0.0,0,0,74.0,0
09:27:00,1.0617200136184692,0.0,0,0,74.0,0
09:28:00,1.0617200136184692,0.0,0,0,76.0,0
09:29:00,0.9652000069618225,0.0,0,0,76.0,0
09:30:00,1.0617200136184692,0.0,0,0,74.0,0
09:31:00,1.0617200136184692,0.0,0,0,74.0,0
09:32:00,1.0617200136184692,0.0,0,0,76.0,0
09:33:00,3.088639974594116,0.015658553689718246,0,0,78.0,36
09:34:00,3.088639974594116,0.01304879505187273,0,0,91.0,30
09:35:00,1.2547600269317627,0.0,0,0,83.0,0
09:36:00,1.0617200136184692,0.0,0,0,76.0,0
09:37:00,0.9652000069618225,0.0,0,0,72.0,0
09:38:00,1.0617200136184692,0.0,0,0,71.0,0
09:39:00,0.9652000069618225,0.0,0,0,70.0,0
09:40:00,1.0617200136184692,0.0,0,0,73.0,0
09:41:00,0.9652000069618225,0.0,0,0,73.0,0
09:42:00,0.9652000069618225,0.0,0,0,76.0,0
09:43:00,0.9652000069618225,0.0,0,0,75.0,0
09:44:00,0.9652000069618225,0.0,0,0,75.0,0
09:45:00,0.9652000069618225,0.0,0,0,75.0,0
09:46:00,0.9652000069618225,0.0,0,0,75.0,0
09:47:00,0.9652000069618225,0.0,0,0,76.0,0
09:48:00,0.9652000069618225,0.0,0,0,,0
09:49:00,0.9652000069618225,0.0,0,0,70.0,0
09:50:00,1.0617200136184692,0.0,0,0,70.0,0
09:51:00,0.9652000069618225,0.0,0,0,73.0,0
09:52:00,1.0617200136184692,0.0,0,0,69.0,0
09:53:00,0.9652000069618225,0.0,0,0,72.0,0
09:54:00,1.0617200136184692,0.0,0,0,73.0,0
09:55:00,0.9652000069618225,0.0,0,0,74.0,0
09:56:00,0.9652000069618225,0.0,0,0,76.0,0
09:57:00,1.0617200136184692,0.0,0,0,76.0,0
09:58:00,1.0617200136184692,0.0,0,0,75.0,0
09:59:00,1.0617200136184692,0.0,0,0,71.0,0
10:00:00,1.0617200136184692,0.0,0,0,71.0,0
10:01:00,1.0617200136184692,0.0,0,0,72.0,0
10:02:00,1.0617200136184692,0.0,0,0,72.0,0
10:03:00,0.9652000069618225,0.0,0,0,72.0,0
10:04:00,1.0617200136184692,0.0,0,0,69.0,0
10:05:00,0.9652000069618225,0.0,0,0,69.0,0
10:06:00,1.0617200136184692,0.0,0,0,67.0,0
10:07:00,0.9652000069618225,0.0,0,0,72.0,0
10:08:00,0.9652000069618225,0.0,0,0,68.0,0
10:09:00,0.9652000069618225,0.0,0,0,62.0,0
10:10:00,0.9652000069618225,0.0,0,0,66.0,0
10:11:00,0.9652000069618225,0.0,0,0,73.0,0
10:12:00,0.9652000069618225,0.0,0,0,72.0,0
10:13:00,1.0617200136184692,0.0,0,0,69.0,0
10:14:00,1.0617200136184692,0.0,0,0,75.0,0
10:15:00,1.0617200136184692,0.0,0,0,79.0,0
10:16:00,1.0617200136184692,0.0,0,0,77.0,0
10:17:00,2.5095200538635254,0.004349598195403814,0,0,79.0,10
10:18:00,1.0617200136184692,0.0,0,0,76.0,0
10:19:00,1.0617200136184692,0.0,0,0,74.0,0
10:20:00,0.9652000069618225,0.0,0,0,74.0,0
10:21:00,0.9652000069618225,0.0,0,0,71.0,0
10:22:00,1.0617200136184692,0.0,0,0,72.0,0
10:23:00,1.0617200136184692,0.0,0,0,69.0,0
10:24:00,1.0617200136184692,0.0,0,0,67.0,0
10:25:00,1.0617200136184692,0.0,0,0,67.0,0
10:26:00,0.9652000069618225,0.0,0,0,68.0,0
10:27:00,0.9652000069618225,0.0,0,0,67.0,0
10:28:00,1.0617200136184692,0.0,0,0,68.0,0
10:29:00,1.0617200136184692,0.0,0,0,71.0,0
10:30:00,1.0617200136184692,0.0,0,0,71.0,0
10:31:00,2.3164799213409424,0.002174799097701907,0,0,,5
10:32:00,1.0617200136184692,0.0,0,0,68.0,0
10:33:00,0.9652000069618225,0.0,0,0,72.0,0
10:34:00,0.9652000069618225,0.0,0,0,74.0,0
10:35:00,0.9652000069618225,0.0,0,0,,0
10:36:00,0.9652000069618225,0.0,0,0,68.0,0
10:37:00,0.9652000069618225,0.0,0,0,68.0,0
10:38:00,0.9652000069618225,0.0,0,0,68.0,0
10:39:00,0.9652000069618225,0.0,0,0,66.0,0
10:40:00,0.9652000069618225,0.0,0,0,64.0,0
10:41:00,0.9652000069618225,0.0,0,0,63.0,0
10:42:00,0.9652000069618225,0.0,0,0,63.0,0
10:43:00,0.9652000069618225,0.0,0,0,63.0,0
10:44:00,0.9652000069618225,0.0,0,0,64.0,0
10:45:00,0.9652000069618225,0.0,0,0,65.0,0
10:46:00,0.9652000069618225,0.0,0,0,63.0,0
10:47:00,0.9652000069618225,0.0,0,0,64.0,0
10:48:00,0.9652000069618225,0.0,0,0,65.0,0
10:49:00,0.9652000069618225,0.0,0,0,,0
10:50:00,2.7025599479675293,0.010004076175391674,0,0,73.0,23
10:51:00,4.439919948577881,0.04312315955758095,0,0,85.0,99
10:52:00,1.2547600269317627,0.0,0,0,86.0,0
10:53:00,2.5095200538635254,0.004349598195403814,0,0,76.0,10
10:54:00,7.335519790649414,0.048404816538095474,10,1,77.0,111
10:55:00,6.177279949188232,0.036163803189992905,10,1,89.0,83
10:56:00,1.2547600269317627,0.0,0,0,84.0,0
10:57:00,0.9652000069618225,0.0,0,0,66.0,0
10:58:00,2.3164799213409424,0.002174799097701907,0,0,68.0,5
10:59:00,1.0617200136184692,0.0,0,0,74.0,0
11:00:00,0.9652000069618225,0.0,0,0,68.0,0
11:01:00,1.0617200136184692,0.0,0,0,69.0,0
11:02:00,0.9652000069618225,0.0,0,0,71.0,0
11:03:00,1.0617200136184692,0.0,0,0,74.0,0
11:04:00,0.9652000069618225,0.0,0,0,72.0,0
11:05:00,0.9652000069618225,0.0,0,0,75.0,0
11:06:00,1.0617200136184692,0.0,0,0,76.0,0
11:07:00,0.9652000069618225,0.0,0,0,74.0,0
11:08:00,1.0617200136184692,0.0,0,0,75.0,0
11:09:00,1.0617200136184692,0.0,0,0,75.0,0
11:10:00,1.0617200136184692,0.0,0,0,72.0,0
11:11:00,1.0617200136184692,0.0,0,0,71.0,0
11:12:00,0.9652000069618225,0.0,0,0,71.0,0
11:13:00,0.9652000069618225,0.0,0,0,71.0,0
11:14:00,1.0617200136184692,0.0,0,0,71.0,0
11:15:00,0.9652000069618225,0.0,0,0,72.0,0
11:16:00,1.0617200136184692,0.0,0,0,76.0,0
11:17:00,0.9652000069618225,0.0,0,0,73.0,0
11:18:00,1.0617200136184692,0.0,0,0,74.0,0
11:19:00,2.3164799213409424,0.0026097591035068035,0,0,75.0,6
11:20:00,1.0617200136184692,0.0,0,0,74.0,0
11:21:00,0.9652000069618225,0.0,0,0,72.0,0
11:22:00,0.9652000069618225,0.0,0,0,74.0,0
11:23:00,0.9652000069618225,0.0,0,0,71.0,0
11:24:00,1.0617200136184692,0.0,0,0,72.0,0
11:25:00,1.0617200136184692,0.0,0,0,70.0,0
11:26:00,0.9652000069618225,0.0,0,0,70.0,0
11:27:00,0.9652000069618225,0.0,0,0,70.0,0
11:28:00,1.0617200136184692,0.0,0,0,72.0,0
11:29:00,0.9652000069618225,0.0,0,0,75.0,0
11:30:00,0.9652000069618225,0.0,0,0,73.0,0
11:31:00,0.9652000069618225,0.0,0,0,71.0,0
11:32:00,0.9652000069618225,0.0,0,0,71.0,0
11:33:00,0.9652000069618225,0.0,0,0,72.0,0
11:34:00,0.9652000069618225,0.0,0,0,72.0,0
11:35:00,1.0617200136184692,0.0,0,0,71.0,0
11:36:00,1.0617200136184692,0.0,0,0,71.0,0
11:37:00,1.0617200136184692,0.0,0,0,71.0,0
11:38:00,1.0617200136184692,0.0,0,0,73.0,0
11:39:00,0.9652000069618225,0.0,0,0,70.0,0
11:40:00,0.9652000069618225,0.0,0,0,70.0,0
11:41:00,1.0617200136184692,0.0,0,0,68.0,0
11:42:00,1.0617200136184692,0.0,0,0,68.0,0
11:43:00,0.9652000069618225,0.0,0,0,68.0,0
11:44:00,1.0617200136184692,0.0,0,0,68.0,0
11:45:00,1.0617200136184692,0.0,0,0,70.0,0
11:46:00,0.9652000069618225,0.0,0,0,73.0,0
11:47:00,0.9652000069618225,0.0,0,0,69.0,0
11:48:00,2.3164799213409424,0.01261383481323719,0,0,68.0,29
11:49:00,5.212080001831055,0.04536009579896927,0,0,73.0,104
11:50:00,6.177279949188232,0.04796985536813736,0,0,86.0,110
11:51:00,7.335519790649414,0.049274735152721405,20,2,100.0,113
11:52:00,7.72160005569458,0.046664975583553314,30,3,105.0,107
11:53:00,7.528560161590576,0.04709993675351143,30,3,106.0,108
11:54:00,6.756400108337402,0.04970969632267952,10,1,108.0,114
11:55:00,6.563360214233398,0.05144953355193138,10,1,110.0,118
11:56:00,6.563360214233398,0.046664975583553314,10,1,112.0,107
11:57:00,5.405119895935059,0.04312315955758095,10,1,108.0,99
11:58:00,2.8956000804901123,0.006089437752962112,0,0,91.0,14
11:59:00,1.2547600269317627,0.0,0,0,83.0,0
12:00:00,1.1582399606704712,0.0,0,0,84.0,0
12:01:00,0.9652000069618225,0.0,0,0,82.0,0
12:02:00,1.1582399606704712,0.0,0,0,83.0,0
12:03:00,0.9652000069618225,0.0,0,0,81.0,0
12:04:00,1.2547600269317627,0.0,0,0,84.0,0
12:05:00,1.0617200136184692,0.0,0,0,79.0,0
12:06:00,0.9652000069618225,0.0,0,0,74.0,0
12:07:00,0.9652000069618225,0.0,0,0,73.0,0
12:08:00,2.8956000804901123,0.013918714597821236,0,0,73.0,32
12:09:00,3.088639974594116,0.01261383481323719,0,0,,29
12:10:00,1.2547600269317627,0.0,0,0,88.0,0
12:11:00,1.0617200136184692,0.0,0,0,74.0,0
12:12:00,2.3164799213409424,0.004349598195403814,0,0,63.0,10
12:13:00,2.1234400272369385,0.0008699196623638272,0,0,63.0,2
12:14:00,1.0617200136184692,0.0,0,0,64.0,0
12:15:00,1.0617200136184692,0.0,0,0,66.0,0
12:16:00,1.0617200136184692,0.0,0,0,64.0,0
12:17:00,1.0617200136184692,0.0,0,0,64.0,0
12:18:00,1.0617200136184692,0.0,0,0,67.0,0
12:19:00,1.0617200136184692,0.0,0,0,73.0,0
12:20:00,1.0617200136184692,0.0,0,0,63.0,0
12:21:00,1.0617200136184692,0.0,0,0,60.0,0
12:22:00,2.3164799213409424,0.003479678649455309,0,0,72.0,8
12:23:00,2.7025599479675293,0.010004076175391674,0,0,78.0,23
12:24:00,4.439919948577881,0.033554043620824814,0,0,86.0,77
12:25:00,5.405119895935059,0.04449017718434334,0,0,98.0,102
12:26:00,4.826000213623047,0.05057961493730545,0,0,105.0,116
12:27:00,5.405119895935059,0.04970969632267952,0,0,111.0,114
12:28:00,5.212080001831055,0.051884494721889496,0,0,117.0,119
12:29:00,5.405119895935059,0.05318937450647354,0,0,119.0,122
12:30:00,5.5981597900390625,0.053624335676431656,0,0,120.0,123
12:31:00,5.9842400550842285,0.04225324094295502,0,0,123.0,97
12:32:00,6.177279949188232,0.04405521601438522,0,0,122.0,101
12:33:00,5.019040107727051,0.018703272566199303,10,1,110.0,43
12:34:00,3.667759895324707,0.005219518207013607,0,0,103.0,12
12:35:00,2.6060400009155273,0.0,0,0,100.0,0
12:36:00,1.2547600269317627,0.0,0,0,85.0,0
12:37:00,1.0617200136184692,0.0,0,0,75.0,0
12:38:00,1.0617200136184692,0.0,0,0,71.0,0
12:39:00,2.3164799213409424,0.003044718876481056,0,0,69.0,7
12:40:00,0.9652000069618225,0.0,0,0,77.0,0
12:41:00,0.9652000069618225,0.0,0,0,75.0,0
12:42:00,0.9652000069618225,0.0,0,0,72.0,0
12:43:00,0.9652000069618225,0.0,0,0,75.0,0
12:44:00,1.0617200136184692,0.0,0,0,77.0,0
12:45:00,0.9652000069618225,0.0,0,0,77.0,0
12:46:00,1.0617200136184692,0.0,0,0,76.0,0
12:47:00,1.0617200136184692,0.0,0,0,75.0,0
12:48:00,1.0617200136184692,0.0,0,0,75.0,0
12:49:00,0.9652000069618225,0.0,0,0,75.0,0
12:50:00,0.9652000069618225,0.0,0,0,72.0,0
12:51:00,0.9652000069618225,0.0,0,0,72.0,0
12:52:00,1.0617200136184692,0.0,0,0,72.0,0
12:53:00,1.0617200136184692,0.0,0,0,72.0,0
12:54:00,1.0617200136184692,0.0,0,0,72.0,0
12:55:00,1.0617200136184692,0.0,0,0,75.0,0
12:56:00,0.9652000069618225,0.0,0,0,73.0,0
12:57:00,1.0617200136184692,0.0,0,0,73.0,0
12:58:00,0.9652000069618225,0.0,0,0,71.0,0
12:59:00,0.9652000069618225,0.0,0,0,74.0,0
13:00:00,0.9652000069618225,0.0,0,0,74.0,0
13:01:00,0.9652000069618225,0.0,0,0,76.0,0
13:02:00,0.9652000069618225,0.0,0,0,76.0,0
13:03:00,0.9652000069618225,0.0,0,0,78.0,0
13:04:00,0.9652000069618225,0.0,0,0,76.0,0
13:05:00,1.0617200136184692,0.0,0,0,75.0,0
13:06:00,0.9652000069618225,0.0,0,0,73.0,0
13:07:00,1.0617200136184692,0.0,0,0,73.0,0
13:08:00,0.9652000069618225,0.0,0,0,72.0,0
13:09:00,1.0617200136184692,0.0,0,0,75.0,0
13:10:00,1.0617200136184692,0.0,0,0,70.0,0
13:11:00,0.9652000069618225,0.0,0,0,74.0,0
13:12:00,0.9652000069618225,0.0,0,0,72.0,0
13:13:00,1.0617200136184692,0.0,0,0,74.0,0
13:14:00,0.9652000069618225,0.0,0,0,77.0,0
13:15:00,1.0617200136184692,0.0,0,0,74.0,0
13:16:00,0.9652000069618225,0.0,0,0,76.0,0
13:17:00,0.9652000069618225,0.0,0,0,74.0,0
13:18:00,1.0617200136184692,0.0,0,0,78.0,0
13:19:00,0.9652000069618225,0.0,0,0,76.0,0
13:20:00,1.0617200136184692,0.0,0,0,76.0,0
13:21:00,0.9652000069618225,0.0,0,0,73.0,0
13:22:00,0.9652000069618225,0.0,0,0,75.0,0
13:23:00,1.0617200136184692,0.0,0,0,77.0,0
13:24:00,1.0617200136184692,0.0,0,0,73.0,0
13:25:00,1.0617200136184692,0.0,0,0,72.0,0
13:26:00,1.0617200136184692,0.0,0,0,75.0,0
13:27:00,1.0617200136184692,0.0,0,0,77.0,0
13:28:00,1.0617200136184692,0.0,0,0,73.0,0
13:29:00,2.5095200538635254,0.006089437752962112,0,0,76.0,14
13:30:00,0.9652000069618225,0.0,0,0,72.0,0
13:31:00,1.0617200136184692,0.0,0,0,71.0,0
13:32:00,1.0617200136184692,0.0,0,0,69.0,0
13:33:00,0.9652000069618225,0.0,0,0,69.0,0
13:34:00,0.9652000069618225,0.0,0,0,73.0,0
13:35:00,0.9652000069618225,0.0,0,0,71.0,0
13:36:00,0.9652000069618225,0.0,0,0,73.0,0
13:37:00,0.9652000069618225,0.0,0,0,74.0,0
13:38:00,0.9652000069618225,0.0,0,0,72.0,0
13:39:00,0.9652000069618225,0.0,0,0,74.0,0
13:40:00,0.9652000069618225,0.0,0,0,72.0,0
13:41:00,0.9652000069618225,0.0,0,0,74.0,0
13:42:00,0.9652000069618225,0.0,0,0,68.0,0
13:43:00,0.9652000069618225,0.0,0,0,72.0,0
13:44:00,0.9652000069618225,0.0,0,0,69.0,0
13:45:00,0.9652000069618225,0.0,0,0,68.0,0
13:46:00,0.9652000069618225,0.0,0,0,70.0,0
13:47:00,0.9652000069618225,0.0,0,0,70.0,0
13:48:00,2.5095200538635254,0.004349598195403814,0,0,71.0,10
13:49:00,1.0617200136184692,0.0,0,0,72.0,0
13:50:00,0.9652000069618225,0.0,0,0,71.0,0
13:51:00,0.9652000069618225,0.0,0,0,72.0,0
13:52:00,1.0617200136184692,0.0,0,0,68.0,0
13:53:00,1.0617200136184692,0.0,0,0,71.0,0
13:54:00,1.0617200136184692,0.0,0,0,71.0,0
13:55:00,1.0617200136184692,0.0,0,0,70.0,0
13:56:00,1.0617200136184692,0.0,0,0,74.0,0
13:57:00,2.5095200538635254,0.0026097591035068035,0,0,83.0,6
13:58:00,1.0617200136184692,0.0,0,0,73.0,0
13:59:00,0.9652000069618225,0.0,0,0,68.0,0
14:00:00,0.9652000069618225,0.0,0,0,68.0,0
14:01:00,0.9652000069618225,0.0,0,0,67.0,0
14:02:00,0.9652000069618225,0.0,0,0,68.0,0
14:03:00,0.9652000069618225,0.0,0,0,74.0,0
14:04:00,1.0617200136184692,0.0,0,0,71.0,0
14:05:00,0.9652000069618225,0.0,0,0,70.0,0
14:06:00,0.9652000069618225,0.0,0,0,68.0,0
14:07:00,0.9652000069618225,0.0,0,0,64.0,0
14:08:00,0.9652000069618225,0.0,0,0,67.0,0
14:09:00,0.9652000069618225,0.0,0,0,66.0,0
14:10:00,0.9652000069618225,0.0,0,0,72.0,0
14:11:00,0.9652000069618225,0.0,0,0,72.0,0
14:12:00,0.9652000069618225,0.0,0,0,70.0,0
14:13:00,0.9652000069618225,0.0,0,0,67.0,0
14:14:00,0.9652000069618225,0.0,0,0,68.0,0
14:15:00,0.9652000069618225,0.0,0,0,70.0,0
14:16:00,0.9652000069618225,0.0,0,0,67.0,0
14:17:00,1.0617200136184692,0.0,0,0,71.0,0
14:18:00,0.9652000069618225,0.0,0,0,73.0,0
14:19:00,0.9652000069618225,0.0,0,0,72.0,0
14:20:00,1.0617200136184692,0.0,0,0,72.0,0
14:21:00,1.0617200136184692,0.0,0,0,72.0,0
14:22:00,0.9652000069618225,0.0,0,0,70.0,0
14:23:00,0.9652000069618225,0.0,0,0,69.0,0
14:24:00,0.9652000069618225,0.0,0,0,70.0,0
14:25:00,0.9652000069618225,0.0,0,0,70.0,0
14:26:00,1.0617200136184692,0.0,0,0,71.0,0
14:27:00,0.9652000069618225,0.0,0,0,74.0,0
14:28:00,1.0617200136184692,0.0,0,0,69.0,0
14:29:00,1.0617200136184692,0.0,0,0,67.0,0
14:30:00,0.9652000069618225,0.0,0,0,68.0,0
14:31:00,0.9652000069618225,0.0,0,0,68.0,0
14:32:00,0.9652000069618225,0.0,0,0,71.0,0
14:33:00,1.0617200136184692,0.0,0,0,70.0,0
14:34:00,0.9652000069618225,0.0,0,0,72.0,0
14:35:00,0.9652000069618225,0.0,0,0,73.0,0
14:36:00,0.9652000069618225,0.0,0,0,70.0,0
14:37:00,1.0617200136184692,0.0,0,0,70.0,0
14:38:00,1.0617200136184692,0.0,0,0,71.0,0
14:39:00,0.9652000069618225,0.0,0,0,71.0,0
14:40:00,0.9652000069618225,0.0,0,0,72.0,0
14:41:00,1.0617200136184692,0.0,0,0,69.0,0
14:42:00,0.9652000069618225,0.0,0,0,66.0,0
14:43:00,0.9652000069618225,0.0,0,0,68.0,0
14:44:00,0.9652000069618225,0.0,0,0,71.0,0
14:45:00,0.9652000069618225,0.0,0,0,72.0,0
14:46:00,1.0617200136184692,0.0,0,0,69.0,0
14:47:00,1.0617200136184692,0.0,0,0,68.0,0
14:48:00,1.0617200136184692,0.0,0,0,68.0,0
14:49:00,1.0617200136184692,0.0,0,0,70.0,0
14:50:00,0.9652000069618225,0.0,0,0,71.0,0
14:51:00,1.0617200136184692,0.0,0,0,,0
14:52:00,0.9652000069618225,0.0,0,0,,0
14:53:00,0.9652000069618225,0.0,0,0,68.0,0
14:54:00,0.9652000069618225,0.0,0,0,69.0,0
14:55:00,1.0617200136184692,0.0,0,0,70.0,0
14:56:00,1.0617200136184692,0.0,0,0,62.0,0
14:57:00,0.9652000069618225,0.0,0,0,68.0,0
14:58:00,0.9652000069618225,0.0,0,0,64.0,0
14:59:00,0.9652000069618225,0.0,0,0,65.0,0
15:00:00,2.5095200538635254,0.008264237083494663,0,0,64.0,19
15:01:00,4.053840160369873,0.027899567037820816,0,0,74.0,64
15:02:00,3.088639974594116,0.013918714597821236,0,0,81.0,32
15:03:00,2.3164799213409424,0.002174799097701907,0,0,79.0,5
15:04:00,2.5095200538635254,0.003044718876481056,0,0,80.0,7
15:05:00,3.86080002784729,0.027899567037820816,0,0,86.0,64
15:06:00,1.2547600269317627,0.0,0,0,81.0,0
15:07:00,0.9652000069618225,0.0,0,0,62.0,0
15:08:00,1.0617200136184692,0.0,0,0,61.0,0
15:09:00,1.0617200136184692,0.0,0,0,60.0,0
15:10:00,0.9652000069618225,0.0,0,0,61.0,0
15:11:00,1.0617200136184692,0.0,0,0,61.0,0
15:12:00,1.0617200136184692,0.0,0,0,64.0,0
15:13:00,0.9652000069618225,0.0,0,0,67.0,0
15:14:00,1.0617200136184692,0.0,0,0,68.0,0
15:15:00,1.0617200136184692,0.0,0,0,65.0,0
15:16:00,1.0617200136184692,0.0,0,0,62.0,0
15:17:00,1.0617200136184692,0.0,0,0,,0
15:18:00,1.0617200136184692,0.0,0,0,71.0,0
15:19:00,0.9652000069618225,0.0,0,0,69.0,0
15:20:00,1.0617200136184692,0.0,0,0,66.0,0
15:21:00,1.0617200136184692,0.0,0,0,66.0,0
15:22:00,1.0617200136184692,0.0,0,0,65.0,0
15:23:00,0.9652000069618225,0.0,0,0,68.0,0
15:24:00,1.0617200136184692,0.0,0,0,66.0,0
15:25:00,0.9652000069618225,0.0,0,0,67.0,0
15:26:00,1.0617200136184692,0.0,0,0,64.0,0
15:27:00,0.9652000069618225,0.0,0,0,63.0,0
15:28:00,1.0617200136184692,0.0,0,0,63.0,0
15:29:00,1.0617200136184692,0.0,0,0,66.0,0
15:30:00,0.9652000069618225,0.0,0,0,64.0,0
15:31:00,0.9652000069618225,0.0,0,0,66.0,0
15:32:00,0.9652000069618225,0.0,0,0,67.0,0
15:33:00,1.0617200136184692,0.0,0,0,68.0,0
15:34:00,0.9652000069618225,0.0,0,0,64.0,0
15:35:00,1.0617200136184692,0.0,0,0,65.0,0
15:36:00,1.0617200136184692,0.0,0,0,62.0,0
15:37:00,0.9652000069618225,0.0,0,0,63.0,0
15:38:00,0.9652000069618225,0.0,0,0,63.0,0
15:39:00,0.9652000069618225,0.0,0,0,66.0,0
15:40:00,1.0617200136184692,0.0,0,0,65.0,0
15:41:00,0.9652000069618225,0.0,0,0,65.0,0
15:42:00,0.9652000069618225,0.0,0,0,65.0,0
15:43:00,0.9652000069618225,0.0,0,0,68.0,0
15:44:00,0.9652000069618225,0.0,0,0,64.0,0
15:45:00,0.9652000069618225,0.0,0,0,66.0,0
15:46:00,0.9652000069618225,0.0,0,0,65.0,0
15:47:00,0.9652000069618225,0.0,0,0,66.0,0
15:48:00,0.9652000069618225,0.0,0,0,62.0,0
15:49:00,0.9652000069618225,0.0,0,0,63.0,0
15:50:00,1.0617200136184692,0.0,0,0,65.0,0
15:51:00,1.0617200136184692,0.0,0,0,67.0,0
15:52:00,1.0617200136184692,0.0,0,0,66.0,0
15:53:00,1.0617200136184692,0.0,0,0,61.0,0
15:54:00,1.0617200136184692,0.0,0,0,69.0,0
15:55:00,1.0617200136184692,0.0,0,0,74.0,0
15:56:00,1.0617200136184692,0.0,0,0,76.0,0
15:57:00,0.9652000069618225,0.0,0,0,71.0,0
15:58:00,0.9652000069618225,0.0,0,0,62.0,0
15:59:00,1.0617200136184692,0.0,0,0,60.0,0
16:00:00,1.0617200136184692,0.0,0,0,57.0,0
16:01:00,1.0617200136184692,0.0,0,0,59.0,0
16:02:00,0.9652000069618225,0.0,0,0,60.0,0
16:03:00,1.0617200136184692,0.0,0,0,61.0,0
16:04:00,0.9652000069618225,0.0,0,0,66.0,0
16:05:00,2.3164799213409424,0.003479678649455309,0,0,67.0,8
16:06:00,2.5095200538635254,0.004349598195403814,0,0,74.0,10
16:07:00,2.8956000804901123,0.01130895595997572,0,0,76.0,26
16:08:00,2.5095200538635254,0.00565447797998786,0,0,78.0,13
16:09:00,0.9652000069618225,0.0,0,0,69.0,0
16:10:00,1.0617200136184692,0.0,0,0,58.0,0
16:11:00,1.0617200136184692,0.0,0,0,57.0,0
16:12:00,0.9652000069618225,0.0,0,0,61.0,0
16:13:00,0.9652000069618225,0.0,0,0,61.0,0
16:14:00,1.0617200136184692,0.0,0,0,61.0,0
16:15:00,2.5095200538635254,0.00565447797998786,0,0,66.0,13
16:16:00,1.0617200136184692,0.0,0,0,76.0,0
16:17:00,2.5095200538635254,0.004349598195403814,0,0,72.0,10
16:18:00,2.5095200538635254,0.00565447797998786,0,0,73.0,13
16:19:00,1.0617200136184692,0.0,0,0,74.0,0
16:20:00,0.9652000069618225,0.0,0,0,72.0,0
16:21:00,0.9652000069618225,0.0,0,0,66.0,0
16:22:00,1.0617200136184692,0.0,0,0,61.0,0
16:23:00,0.9652000069618225,0.0,0,0,60.0,0
16:24:00,0.9652000069618225,0.0,0,0,65.0,0
16:25:00,0.9652000069618225,0.0,0,0,64.0,0
16:26:00,0.9652000069618225,0.0,0,0,62.0,0
16:27:00,0.9652000069618225,0.0,0,0,67.0,0
16:28:00,0.9652000069618225,0.0,0,0,68.0,0
16:29:00,0.9652000069618225,0.0,0,0,68.0,0
16:30:00,1.0617200136184692,0.0,0,0,71.0,0
16:31:00,0.9652000069618225,0.0,0,0,73.0,0
16:32:00,0.9652000069618225,0.0,0,0,71.0,0
16:33:00,0.9652000069618225,0.0,0,0,70.0,0
16:34:00,0.9652000069618225,0.0,0,0,69.0,0
16:35:00,0.9652000069618225,0.0,0,0,67.0,0
16:36:00,0.9652000069618225,0.0,0,0,64.0,0
16:37:00,0.9652000069618225,0.0,0,0,77.0,0
16:38:00,0.9652000069618225,0.0,0,0,73.0,0
16:39:00,0.9652000069618225,0.0,0,0,69.0,0
16:40:00,1.0617200136184692,0.0,0,0,68.0,0
16:41:00,0.9652000069618225,0.0,0,0,63.0,0
16:42:00,1.0617200136184692,0.0,0,0,64.0,0
16:43:00,1.0617200136184692,0.0,0,0,64.0,0
16:44:00,2.1234400272369385,0.0026097591035068035,0,0,63.0,6
16:45:00,1.0617200136184692,0.0,0,0,64.0,0
16:46:00,1.0617200136184692,0.0,0,0,62.0,0
16:47:00,1.0617200136184692,0.0,0,0,61.0,0
16:48:00,2.1234400272369385,0.002174799097701907,0,0,61.0,5
16:49:00,1.0617200136184692,0.0,0,0,68.0,0
16:50:00,1.0617200136184692,0.0,0,0,73.0,0
16:51:00,1.0617200136184692,0.0,0,0,70.0,0
16:52:00,0.9652000069618225,0.0,0,0,67.0,0
16:53:00,0.9652000069618225,0.0,0,0,67.0,0
16:54:00,1.0617200136184692,0.0,0,0,,0
16:55:00,0.9652000069618225,0.0,0,0,68.0,0
16:56:00,0.9652000069618225,0.0,0,0,71.0,0
16:57:00,0.9652000069618225,0.0,0,0,71.0,0
16:58:00,1.0617200136184692,0.0,0,0,68.0,0
16:59:00,0.9652000069618225,0.0,0,0,68.0,0
17:00:00,0.9652000069618225,0.0,0,0,69.0,0
17:01:00,1.0617200136184692,0.0,0,0,70.0,0
17:02:00,1.0617200136184692,0.0,0,0,67.0,0
17:03:00,1.0617200136184692,0.0,0,0,65.0,0
17:04:00,0.9652000069618225,0.0,0,0,67.0,0
17:05:00,1.0617200136184692,0.0,0,0,68.0,0
17:06:00,1.0617200136184692,0.0,0,0,69.0,0
17:07:00,1.0617200136184692,0.0,0,0,64.0,0
17:08:00,0.9652000069618225,0.0,0,0,61.0,0
17:09:00,0.9652000069618225,0.0,0,0,63.0,0
17:10:00,0.9652000069618225,0.0,0,0,68.0,0
17:11:00,0.9652000069618225,0.0,0,0,67.0,0
17:12:00,1.0617200136184692,0.0,0,0,66.0,0
17:13:00,1.0617200136184692,0.0,0,0,66.0,0
17:14:00,1.0617200136184692,0.0,0,0,61.0,0
17:15:00,0.9652000069618225,0.0,0,0,56.0,0
17:16:00,0.9652000069618225,0.0,0,0,64.0,0
17:17:00,0.9652000069618225,0.0,0,0,69.0,0
17:18:00,0.9652000069618225,0.0,0,0,66.0,0
17:19:00,0.9652000069618225,0.0,0,0,66.0,0
17:20:00,0.9652000069618225,0.0,0,0,66.0,0
17:21:00,1.0617200136184692,0.0,0,0,67.0,0
17:22:00,0.9652000069618225,0.0,0,0,67.0,0
17:23:00,0.9652000069618225,0.0,0,0,67.0,0
17:24:00,0.9652000069618225,0.0,0,0,65.0,0
17:25:00,1.0617200136184692,0.0,0,0,62.0,0
17:26:00,2.1234400272369385,0.0017398393247276545,0,0,61.0,4
17:27:00,2.1234400272369385,0.0017398393247276545,0,0,66.0,4
17:28:00,1.0617200136184692,0.0,0,0,67.0,0
17:29:00,2.1234400272369385,0.0017398393247276545,0,0,65.0,4
17:30:00,1.0617200136184692,0.0,0,0,65.0,0
17:31:00,2.5095200538635254,0.008264237083494663,0,0,67.0,19
17:32:00,2.3164799213409424,0.003479678649455309,0,0,74.0,8
17:33:00,3.281680107116699,0.04492513835430145,0,0,86.0,103
17:34:00,5.212080001831055,0.0462300181388855,0,0,101.0,106
17:35:00,5.9842400550842285,0.04449017718434334,0,0,117.0,102
17:36:00,5.405119895935059,0.049274735152721405,0,0,115.0,113
17:37:00,5.019040107727051,0.030074365437030792,0,0,114.0,69
17:38:00,1.2547600269317627,0.0,0,0,93.0,0
17:39:00,1.0617200136184692,0.0,0,0,76.0,0
17:40:00,1.0617200136184692,0.0,0,0,,0
17:41:00,1.0617200136184692,0.0,0,0,77.0,0
17:42:00,1.0617200136184692,0.0,0,0,76.0,0
17:43:00,1.0617200136184692,0.0,0,0,74.0,0
17:44:00,1.0617200136184692,0.0,0,0,70.0,0
17:45:00,1.0617200136184692,0.0,0,0,68.0,0
17:46:00,1.0617200136184692,0.0,0,0,67.0,0
17:47:00,1.0617200136184692,0.0,0,0,68.0,0
17:48:00,1.0617200136184692,0.0,0,0,64.0,0
17:49:00,1.0617200136184692,0.0,0,0,62.0,0
17:50:00,6.563360214233398,0.036163803189992905,20,2,68.0,83
17:51:00,3.088639974594116,0.015223594382405281,0,0,76.0,35
17:52:00,2.7025599479675293,0.006089437752962112,0,0,83.0,14
17:53:00,2.7025599479675293,0.006959357298910618,0,0,84.0,16
17:54:00,2.7025599479675293,0.006959357298910618,0,0,86.0,16
17:55:00,2.7025599479675293,0.003044718876481056,0,0,90.0,7
17:56:00,1.2547600269317627,0.0,0,0,94.0,0
17:57:00,1.0617200136184692,0.0,0,0,83.0,0
17:58:00,1.0617200136184692,0.0,0,0,75.0,0
17:59:00,2.5095200538635254,0.003914638422429562,0,0,73.0,9
18:00:00,2.5095200538635254,0.011743915267288685,0,0,78.0,27
18:01:00,2.8956000804901123,0.04051339998841286,0,0,82.0,93
18:02:00,3.088639974594116,0.030944285914301872,0,0,97.0,71
18:03:00,5.212080001831055,0.037903644144535065,0,0,106.0,87
18:04:00,5.019040107727051,0.04970969632267952,0,0,101.0,114
18:05:00,5.5981597900390625,0.04225324094295502,0,0,98.0,97
18:06:00,5.791200160980225,0.0462300181388855,0,0,102.0,106
18:07:00,5.791200160980225,0.05057961493730545,0,0,108.0,116
18:08:00,4.632959842681885,0.03572884202003479,0,0,104.0,82
18:09:00,6.563360214233398,0.04796985536813736,10,1,105.0,110
18:10:00,5.212080001831055,0.0462300181388855,0,0,100.0,106
18:11:00,3.86080002784729,0.048404816538095474,0,0,90.0,111
18:12:00,4.053840160369873,0.051884494721889496,0,0,87.0,119
18:13:00,4.439919948577881,0.051014576107263565,0,0,85.0,117
18:14:00,4.053840160369873,0.03224916383624077,0,0,83.0,74
18:15:00,4.439919948577881,0.028769485652446747,0,0,91.0,66
18:16:00,6.177279949188232,0.04007844254374504,10,1,82.0,92
18:17:00,4.439919948577881,0.027029646560549736,0,0,79.0,62
18:18:00,4.632959842681885,0.028769485652446747,0,0,87.0,66
18:19:00,4.632959842681885,0.02833452634513378,10,1,94.0,65
18:20:00,5.5981597900390625,0.033119086176157,10,1,98.0,76
18:21:00,4.632959842681885,0.03181420639157295,0,0,97.0,73
18:22:00,4.439919948577881,0.0418182797729969,0,0,95.0,96
18:23:00,4.826000213623047,0.035293884575366974,0,0,98.0,81
18:24:00,6.177279949188232,0.04449017718434334,10,1,100.0,102
18:25:00,5.212080001831055,0.04312315955758095,0,0,102.0,99
18:26:00,5.212080001831055,0.04579505696892738,0,0,100.0,105
18:27:00,5.791200160980225,0.04492513835430145,0,0,78.0,103
18:28:00,7.14247989654541,0.04796985536813736,10,1,95.0,110
18:29:00,6.177279949188232,0.04268820211291313,10,1,103.0,98
18:30:00,4.826000213623047,0.0418182797729969,0,0,97.0,96
18:31:00,7.335519790649414,0.037033721804618835,30,3,99.0,85
18:32:00,3.088639974594116,0.004784557968378067,0,0,95.0,11
18:33:00,3.281680107116699,0.016528474166989326,0,0,91.0,38
18:34:00,2.8956000804901123,0.01261383481323719,0,0,86.0,29
18:35:00,2.5095200538635254,0.002174799097701907,0,0,88.0,5
18:36:00,3.474720001220703,0.010004076175391674,0,0,97.0,23
18:37:00,2.8956000804901123,0.003914638422429562,0,0,93.0,9
18:38:00,1.2547600269317627,0.0,0,0,83.0,0
18:39:00,1.0617200136184692,0.0,0,0,79.0,0
18:40:00,2.3164799213409424,0.002174799097701907,0,0,78.0,5
18:41:00,1.0617200136184692,0.0,0,0,79.0,0
18:42:00,2.3164799213409424,0.003044718876481056,0,0,77.0,7
18:43:00,2.3164799213409424,0.0026097591035068035,0,0,80.0,6
18:44:00,1.0617200136184692,0.0,0,0,77.0,0
18:45:00,1.0617200136184692,0.0,0,0,75.0,0
18:46:00,2.5095200538635254,0.006524397525936365,0,0,72.0,15
18:47:00,1.0617200136184692,0.0,0,0,74.0,0
18:48:00,1.0617200136184692,0.0,0,0,75.0,0
18:49:00,1.0617200136184692,0.0,0,0,79.0,0
18:50:00,1.0617200136184692,0.0,0,0,75.0,0
18:51:00,3.764280080795288,0.0,0,0,113.0,0
18:52:00,1.2547600269317627,0.0,0,0,93.0,0
18:53:00,2.5095200538635254,0.004784557968378067,0,0,80.0,11
18:54:00,1.0617200136184692,0.0,0,0,72.0,0
18:55:00,1.0617200136184692,0.0,0,0,69.0,0
18:56:00,1.0617200136184692,0.0,0,0,67.0,0
18:57:00,2.1234400272369385,0.0017398393247276545,0,0,65.0,4
18:58:00,0.9652000069618225,0.0,0,0,,0
18:59:00,0.9652000069618225,0.0,0,0,69.0,0
19:00:00,0.9652000069618225,0.0,0,0,64.0,0
19:01:00,0.9652000069618225,0.0,0,0,60.0,0
19:02:00,1.0617200136184692,0.0,0,0,59.0,0
19:03:00,2.5095200538635254,0.007829276844859123,0,0,62.0,18
19:04:00,2.5095200538635254,0.004349598195403814,0,0,73.0,10
19:05:00,1.0617200136184692,0.0,0,0,,0
19:06:00,2.5095200538635254,0.006524397525936365,0,0,72.0,15
19:07:00,1.0617200136184692,0.0,0,0,69.0,0
19:08:00,1.0617200136184692,0.0,0,0,65.0,0
19:09:00,2.1234400272369385,0.0017398393247276545,0,0,66.0,4
19:10:00,1.0617200136184692,0.0,0,0,72.0,0
19:11:00,1.0617200136184692,0.0,0,0,74.0,0
19:12:00,2.5095200538635254,0.00565447797998786,0,0,74.0,13
19:13:00,2.7025599479675293,0.0073943170718848705,0,0,81.0,17
19:14:00,1.0617200136184692,0.0,0,0,79.0,0
19:15:00,1.0617200136184692,0.0,0,0,77.0,0
19:16:00,1.0617200136184692,0.0,0,0,73.0,0
19:17:00,1.0617200136184692,0.0,0,0,71.0,0
19:18:00,0.9652000069618225,0.0,0,0,70.0,0
19:19:00,1.0617200136184692,0.0,0,0,69.0,0
19:20:00,2.3164799213409424,0.0026097591035068035,0,0,75.0,6
19:21:00,2.3164799213409424,0.0026097591035068035,0,0,77.0,6
19:22:00,2.5095200538635254,0.003479678649455309,0,0,77.0,8
19:23:00,1.0617200136184692,0.0,0,0,75.0,0
19:24:00,2.3164799213409424,0.003479678649455309,0,0,71.0,8
19:25:00,1.0617200136184692,0.0,0,0,67.0,0
19:26:00,1.0617200136184692,0.0,0,0,67.0,0
19:27:00,1.0617200136184692,0.0,0,0,65.0,0
19:28:00,0.9652000069618225,0.0,0,0,65.0,0
19:29:00,0.9652000069618225,0.0,0,0,64.0,0
19:30:00,1.0617200136184692,0.0,0,0,66.0,0
19:31:00,0.9652000069618225,0.0,0,0,64.0,0
19:32:00,1.0617200136184692,0.0,0,0,66.0,0
19:33:00,1.0617200136184692,0.0,0,0,65.0,0
19:34:00,1.0617200136184692,0.0,0,0,64.0,0
19:35:00,0.9652000069618225,0.0,0,0,67.0,0
19:36:00,1.0617200136184692,0.0,0,0,64.0,0
19:37:00,2.5095200538635254,0.006959357298910618,0,0,64.0,16
19:38:00,1.0617200136184692,0.0,0,0,,0
19:39:00,3.088639974594116,0.016093512997031212,0,0,,37
19:40:00,2.5095200538635254,0.00565447797998786,0,0,84.0,13
19:41:00,3.474720001220703,0.015223594382405281,0,0,95.0,35
19:42:00,3.667759895324707,0.01304879505187273,0,0,100.0,30
19:43:00,3.185159921646118,0.0,0,0,105.0,0
19:44:00,3.86080002784729,0.003479678649455309,0,0,106.0,8
19:45:00,2.9921200275421143,0.0,0,0,105.0,0
19:46:00,2.9921200275421143,0.0,0,0,104.0,0
19:47:00,3.667759895324707,0.004349598195403814,0,0,,10
19:48:00,3.86080002784729,0.0073943170718848705,0,0,106.0,17
19:49:00,3.185159921646118,0.0,0,0,105.0,0
19:50:00,2.9921200275421143,0.0,0,0,104.0,0
19:51:00,3.667759895324707,0.004784557968378067,0,0,,11
19:52:00,3.86080002784729,0.003479678649455309,0,0,106.0,8
19:53:00,3.281680107116699,0.01304879505187273,0,0,95.0,30
19:54:00,2.8956000804901123,0.009134156629443169,0,0,84.0,21
19:55:00,4.246880054473877,0.030509324744343758,0,0,79.0,70
19:56:00,1.0617200136184692,0.0,0,0,86.0,0
19:57:00,2.7025599479675293,0.0073943170718848705,0,0,,17
19:58:00,2.8956000804901123,0.010004076175391674,0,0,82.0,23
19:59:00,3.088639974594116,0.01087399572134018,0,0,90.0,25
20:00:00,2.8956000804901123,0.003914638422429562,0,0,92.0,9
20:01:00,2.8956000804901123,0.003044718876481056,0,0,94.0,7
20:02:00,1.2547600269317627,0.0,0,0,90.0,0
20:03:00,1.2547600269317627,0.0,0,0,84.0,0
20:04:00,1.2547600269317627,0.0,0,0,84.0,0
20:05:00,1.0617200136184692,0.0,0,0,82.0,0
20:06:00,2.5095200538635254,0.003044718876481056,0,0,79.0,7
20:07:00,1.0617200136184692,0.0,0,0,80.0,0
20:08:00,1.0617200136184692,0.0,0,0,75.0,0
20:09:00,2.3164799213409424,0.003479678649455309,0,0,73.0,8
20:10:00,1.0617200136184692,0.0,0,0,75.0,0
20:11:00,2.3164799213409424,0.0017398393247276545,0,0,73.0,4
20:12:00,2.8956000804901123,0.01130895595997572,0,0,74.0,26
20:13:00,1.0617200136184692,0.0,0,0,78.0,0
20:14:00,1.0617200136184692,0.0,0,0,71.0,0
20:15:00,1.0617200136184692,0.0,0,0,65.0,0
20:16:00,1.0617200136184692,0.0,0,0,66.0,0
20:17:00,1.0617200136184692,0.0,0,0,67.0,0
20:18:00,2.3164799213409424,0.0026097591035068035,0,0,70.0,6
20:19:00,2.3164799213409424,0.003914638422429562,0,0,70.0,9
20:20:00,1.0617200136184692,0.0,0,0,70.0,0
20:21:00,1.0617200136184692,0.0,0,0,71.0,0
20:22:00,2.3164799213409424,0.003044718876481056,0,0,72.0,7
20:23:00,1.0617200136184692,0.0,0,0,71.0,0
20:24:00,2.3164799213409424,0.003479678649455309,0,0,65.0,8
20:25:00,1.0617200136184692,0.0,0,0,65.0,0
20:26:00,2.3164799213409424,0.005219518207013607,0,0,69.0,12
20:27:00,0.9652000069618225,0.0,0,0,68.0,0
20:28:00,2.3164799213409424,0.003914638422429562,0,0,63.0,9
20:29:00,2.3164799213409424,0.003914638422429562,0,0,67.0,9
20:30:00,3.088639974594116,0.01348375529050827,0,0,77.0,31
20:31:00,2.7025599479675293,0.006524397525936365,0,0,85.0,15
20:32:00,1.0617200136184692,0.0,0,0,81.0,0
20:33:00,2.3164799213409424,0.0017398393247276545,0,0,78.0,4
20:34:00,1.2547600269317627,0.0,0,0,89.0,0
20:35:00,2.7025599479675293,0.008699196390807629,0,0,70.0,20
20:36:00,1.0617200136184692,0.0,0,0,70.0,0
20:37:00,2.5095200538635254,0.006089437752962112,0,0,,14
20:38:00,2.5095200538635254,0.003914638422429562,0,0,78.0,9
20:39:00,2.3164799213409424,0.0013048795517534018,0,0,82.0,3
20:40:00,1.0617200136184692,0.0,0,0,81.0,0
20:41:00,1.0617200136184692,0.0,0,0,73.0,0
20:42:00,1.0617200136184692,0.0,0,0,69.0,0
20:43:00,2.5095200538635254,0.005219518207013607,0,0,71.0,12
20:44:00,1.0617200136184692,0.0,0,0,72.0,0
20:45:00,1.0617200136184692,0.0,0,0,72.0,0
20:46:00,1.0617200136184692,0.0,0,0,65.0,0
20:47:00,0.9652000069618225,0.0,0,0,63.0,0
20:48:00,0.9652000069618225,0.0,0,0,64.0,0
20:49:00,0.9652000069618225,0.0,0,0,,0
20:50:00,0.9652000069618225,0.0,0,0,,0
20:51:00,1.0617200136184692,0.0,0,0,72.0,0
20:52:00,1.0617200136184692,0.0,0,0,74.0,0
20:53:00,0.9652000069618225,0.0,0,0,77.0,0
20:54:00,0.9652000069618225,0.0,0,0,78.0,0
20:55:00,0.9652000069618225,0.0,0,0,82.0,0
20:56:00,1.1582399606704712,0.0,0,0,84.0,0
20:57:00,1.1582399606704712,0.0,0,0,82.0,0
20:58:00,1.1582399606704712,0.0,0,0,83.0,0
20:59:00,0.9652000069618225,0.0,0,0,81.0,0
21:00:00,2.5095200538635254,0.004784557968378067,0,0,80.0,11
21:01:00,1.0617200136184692,0.0,0,0,80.0,0
21:02:00,1.0617200136184692,0.0,0,0,73.0,0
21:03:00,0.9652000069618225,0.0,0,0,77.0,0
21:04:00,0.9652000069618225,0.0,0,0,76.0,0
21:05:00,1.0617200136184692,0.0,0,0,80.0,0
21:06:00,0.9652000069618225,0.0,0,0,,0
21:07:00,0.9652000069618225,0.0,0,0,77.0,0
21:08:00,2.5095200538635254,0.003479678649455309,0,0,80.0,8
21:09:00,1.0617200136184692,0.0,0,0,77.0,0
21:10:00,1.0617200136184692,0.0,0,0,76.0,0
21:11:00,1.0617200136184692,0.0,0,0,76.0,0
21:12:00,1.0617200136184692,0.0,0,0,75.0,0
21:13:00,1.0617200136184692,0.0,0,0,70.0,0
21:14:00,1.0617200136184692,0.0,0,0,70.0,0
21:15:00,1.0617200136184692,0.0,0,0,,0
21:16:00,1.0617200136184692,0.0,0,0,72.0,0
21:17:00,1.0617200136184692,0.0,0,0,73.0,0
21:18:00,2.3164799213409424,0.003479678649455309,0,0,,8
21:19:00,2.5095200538635254,0.005219518207013607,0,0,,12
21:20:00,1.0617200136184692,0.0,0,0,68.0,0
21:21:00,1.0617200136184692,0.0,0,0,67.0,0
21:22:00,1.0617200136184692,0.0,0,0,70.0,0
21:23:00,1.0617200136184692,0.0,0,0,70.0,0
21:24:00,1.0617200136184692,0.0,0,0,70.0,0
21:25:00,1.0617200136184692,0.0,0,0,68.0,0
21:26:00,1.0617200136184692,0.0,0,0,68.0,0
21:27:00,1.0617200136184692,0.0,0,0,71.0,0
21:28:00,2.3164799213409424,0.003914638422429562,0,0,75.0,9
21:29:00,2.5095200538635254,0.00565447797998786,0,0,78.0,13
21:30:00,1.0617200136184692,0.0,0,0,81.0,0
21:31:00,1.0617200136184692,0.0,0,0,,0
21:32:00,1.0617200136184692,0.0,0,0,71.0,0
21:33:00,0.9652000069618225,0.0,0,0,,0
21:34:00,1.0617200136184692,0.0,0,0,,0
21:35:00,4.053840160369873,0.029639406129717827,0,0,,68
21:36:00,5.9842400550842285,0.04362025856971741,0,0,118.0,100
21:37:00,6.756400108337402,0.014788634143769741,0,0,131.0,34
21:38:00,3.474720001220703,0.0,0,0,110.0,0
21:39:00,1.2547600269317627,0.0,0,0,85.0,0
21:40:00,3.474720001220703,0.019138231873512268,0,0,80.0,44
21:41:00,3.088639974594116,0.014788634143769741,0,0,91.0,34
21:42:00,2.8956000804901123,0.003479678649455309,0,0,93.0,8
21:43:00,3.088639974594116,0.005219518207013607,0,0,97.0,12
21:44:00,3.474720001220703,0.00565447797998786,0,0,100.0,13
21:45:00,2.6060400009155273,0.0,0,0,98.0,0
21:46:00,1.0617200136184692,0.0,0,0,77.0,0
21:47:00,1.0617200136184692,0.0,0,0,77.0,0
21:48:00,1.0617200136184692,0.0,0,0,77.0,0
21:49:00,1.0617200136184692,0.0,0,0,77.0,0
21:50:00,0.9652000069618225,0.0,0,0,73.0,0
21:51:00,1.0617200136184692,0.0,0,0,73.0,0
21:52:00,2.3164799213409424,0.003479678649455309,0,0,74.0,8
21:53:00,1.0617200136184692,0.0,0,0,78.0,0
21:54:00,2.5095200538635254,0.00565447797998786,0,0,77.0,13
21:55:00,2.5095200538635254,0.003044718876481056,0,0,78.0,7
21:56:00,1.0617200136184692,0.0,0,0,76.0,0
21:57:00,1.0617200136184692,0.0,0,0,75.0,0
21:58:00,2.5095200538635254,0.014788634143769741,0,0,78.0,34
21:59:00,2.8956000804901123,0.02485484816133976,0,0,84.0,57
22:00:00,2.8956000804901123,0.008699196390807629,0,0,86.0,20
22:01:00,3.86080002784729,0.021313032135367393,0,0,84.0,49
22:02:00,2.3164799213409424,0.0004349598311819136,0,0,82.0,1
22:03:00,5.212080001831055,0.035293884575366974,10,1,94.0,81
22:04:00,3.86080002784729,0.02485484816133976,0,0,90.0,57
22:05:00,5.212080001831055,0.034423962235450745,10,1,83.0,79
22:06:00,5.791200160980225,0.04796985536813736,0,0,88.0,110
22:07:00,3.86080002784729,0.04579505696892738,0,0,92.0,105
22:08:00,6.949440002441406,0.050144653767347336,20,2,90.0,115
22:09:00,4.439919948577881,0.030944285914301872,0,0,96.0,71
22:10:00,2.5095200538635254,0.003044718876481056,0,0,86.0,7
22:11:00,1.0617200136184692,0.0,0,0,70.0,0
22:12:00,2.3164799213409424,0.003044718876481056,0,0,66.0,7
22:13:00,2.7025599479675293,0.006959357298910618,0,0,80.0,16
22:14:00,3.281680107116699,0.014353674836456776,0,0,89.0,33
22:15:00,3.474720001220703,0.016093512997031212,0,0,92.0,37
22:16:00,3.088639974594116,0.006959357298910618,0,0,93.0,16
22:17:00,1.2547600269317627,0.0,0,0,86.0,0
22:18:00,1.2547600269317627,0.0,0,0,82.0,0
22:19:00,0.9652000069618225,0.0,0,0,79.0,0
22:20:00,1.0617200136184692,0.0,0,0,81.0,0
22:21:00,1.0617200136184692,0.0,0,0,73.0,0
22:22:00,1.0617200136184692,0.0,0,0,68.0,0
22:23:00,2.7025599479675293,0.009134156629443169,0,0,73.0,21
22:24:00,2.3164799213409424,0.003044718876481056,0,0,72.0,7
22:25:00,1.0617200136184692,0.0,0,0,65.0,0
22:26:00,2.5095200538635254,0.007829276844859123,0,0,69.0,18
22:27:00,1.0617200136184692,0.0,0,0,67.0,0
22:28:00,1.0617200136184692,0.0,0,0,68.0,0
22:29:00,1.0617200136184692,0.0,0,0,70.0,0
22:30:00,1.0617200136184692,0.0,0,0,66.0,0
22:31:00,1.0617200136184692,0.0,0,0,67.0,0
22:32:00,1.0617200136184692,0.0,0,0,63.0,0
22:33:00,1.0617200136184692,0.0,0,0,64.0,0
22:34:00,0.9652000069618225,0.0,0,0,66.0,0
22:35:00,0.9652000069618225,0.0,0,0,65.0,0
22:36:00,1.0617200136184692,0.0,0,0,61.0,0
22:37:00,1.0617200136184692,0.0,0,0,64.0,0
22:38:00,0.9652000069618225,0.0,0,0,66.0,0
22:39:00,1.0617200136184692,0.0,0,0,65.0,0
22:40:00,0.9652000069618225,0.0,0,0,65.0,0
22:41:00,0.9652000069618225,0.0,0,0,67.0,0
22:42:00,0.9652000069618225,0.0,0,0,67.0,0
22:43:00,0.9652000069618225,0.0,0,0,66.0,0
22:44:00,1.0617200136184692,0.0,0,0,65.0,0
22:45:00,0.9652000069618225,0.0,0,0,65.0,0
22:46:00,1.0617200136184692,0.0,0,0,65.0,0
22:47:00,0.9652000069618225,0.0,0,0,62.0,0
22:48:00,0.9652000069618225,0.0,0,0,62.0,0
22:49:00,0.9652000069618225,0.0,0,0,63.0,0
22:50:00,0.9652000069618225,0.0,0,0,64.0,0
22:51:00,1.0617200136184692,0.0,0,0,66.0,0
22:52:00,0.9652000069618225,0.0,0,0,66.0,0
22:53:00,0.9652000069618225,0.0,0,0,65.0,0
22:54:00,1.0617200136184692,0.0,0,0,63.0,0
22:55:00,1.0617200136184692,0.0,0,0,66.0,0
22:56:00,2.3164799213409424,0.003044718876481056,0,0,69.0,7
22:57:00,1.0617200136184692,0.0,0,0,70.0,0
22:58:00,0.9652000069618225,0.0,0,0,68.0,0
22:59:00,1.0617200136184692,0.0,0,0,66.0,0
23:00:00,1.0617200136184692,0.0,0,0,65.0,0
23:01:00,1.0617200136184692,0.0,0,0,,0
23:02:00,1.0617200136184692,0.0,0,0,71.0,0
23:03:00,1.0617200136184692,0.0,0,0,71.0,0
23:04:00,0.9652000069618225,0.0,0,0,71.0,0
23:05:00,1.0617200136184692,0.0,0,0,66.0,0
23:06:00,1.0617200136184692,0.0,0,0,64.0,0
23:07:00,0.9652000069618225,0.0,0,0,64.0,0
23:08:00,0.9652000069618225,0.0,0,0,69.0,0
23:09:00,1.0617200136184692,0.0,0,0,69.0,0
23:10:00,0.9652000069618225,0.0,0,0,63.0,0
23:11:00,0.9652000069618225,0.0,0,0,64.0,0
23:12:00,0.9652000069618225,0.0,0,0,64.0,0
23:13:00,0.9652000069618225,0.0,0,0,64.0,0
23:14:00,0.9652000069618225,0.0,0,0,63.0,0
23:15:00,0.9652000069618225,0.0,0,0,64.0,0
23:16:00,0.9652000069618225,0.0,0,0,64.0,0
23:17:00,0.9652000069618225,0.0,0,0,66.0,0
23:18:00,0.9652000069618225,0.0,0,0,63.0,0
23:19:00,0.9652000069618225,0.0,0,0,65.0,0
23:20:00,0.9652000069618225,0.0,0,0,67.0,0
23:21:00,0.9652000069618225,0.0,0,0,69.0,0
23:22:00,0.9652000069618225,0.0,0,0,67.0,0
23:23:00,0.9652000069618225,0.0,0,0,65.0,0
23:24:00,1.0617200136184692,0.0,0,0,66.0,0
23:25:00,1.0617200136184692,0.0,0,0,66.0,0
23:26:00,1.0617200136184692,0.0,0,0,68.0,0
23:27:00,1.0617200136184692,0.0,0,0,,0
23:28:00,1.0617200136184692,0.0,0,0,,0
23:29:00,3.281680107116699,0.019138231873512268,0,0,69.0,44
23:30:00,4.053840160369873,0.029639406129717827,0,0,77.0,68
23:31:00,2.7025599479675293,0.006524397525936365,0,0,84.0,15
23:32:00,3.281680107116699,0.011743915267288685,0,0,93.0,27
23:33:00,3.474720001220703,0.01130895595997572,0,0,,26
23:34:00,0.9652000069618225,0.0,0,0,,0
23:35:00,0.9652000069618225,0.0,0,0,56.0,0
23:36:00,0.9652000069618225,0.0,0,0,56.0,0
23:37:00,0.9652000069618225,0.0,0,0,57.0,0
23:38:00,0.9652000069618225,0.0,0,0,60.0,0
23:39:00,0.9652000069618225,0.0,0,0,61.0,0
23:40:00,0.9652000069618225,0.0,0,0,64.0,0
23:41:00,0.9652000069618225,0.0,0,0,60.0,0
23:42:00,0.9652000069618225,0.0,0,0,64.0,0
23:43:00,0.9652000069618225,0.0,0,0,60.0,0
23:44:00,0.9652000069618225,0.0,0,0,60.0,0
23:45:00,0.9652000069618225,0.0,0,0,59.0,0
23:46:00,0.9652000069618225,0.0,0,0,60.0,0
23:47:00,0.9652000069618225,0.0,0,0,62.0,0
23:48:00,1.0617200136184692,0.0,0,0,64.0,0
23:49:00,0.9652000069618225,0.0,0,0,,0
23:50:00,0.9652000069618225,0.0,0,0,,0
23:51:00,0.9652000069618225,0.0,0,0,,0
23:52:00,0.9652000069618225,0.0,0,0,,0
23:53:00,0.9652000069618225,0.0,0,0,,0
23:54:00,0.9652000069618225,0.0,0,0,,0
23:55:00,0.9652000069618225,0.0,0,0,,0
23:56:00,0.9652000069618225,0.0,0,0,,0
23:57:00,0.9652000069618225,0.0,0,0,,0
23:58:00,0.9652000069618225,0.0,0,0,,0
23:59:00,0.9652000069618225,0.0,0,0,,0
